"pointId","timeSec","lap","latitude","longitude","confidencePct","notes","triggers","customTrigger","locationHeld","stopGroup"
0,0,1,40.8111465928225,-96.6894027963281,95,"at starting area, high confidence","begin_stop",,FALSE,1
1,137.31,1,40.8111430413901,-96.6894027963281,95,,"finish_stop|turn_begin_nonint",,FALSE,
2,147.95,1,40.8112897066277,-96.6896287724376,85,"third parking spot as marker, moderate high confidence","turn_finish_nonint",,FALSE,
3,153.24,1,40.8112902191347,-96.6898031160236,75,"crossing parking lot intersection, moderate conf","enter_intersection",,FALSE,
4,157.65,1,40.8112861627719,-96.6899627074599,75,"finished crossing parking lot intersection, moderate conf","exit_intersection",,FALSE,
5,169.94,1,40.8112947947131,-96.6904964670539,75,"stopped at stop sign to leave parking lot, moderate confidence","begin_stop",,FALSE,2
6,172.5,1,40.8112947947131,-96.6904964670539,75,"stopped at stop sign to leave parking lot, moderate confidence","finish_stop",,TRUE,2
7,176.47,1,40.811308495127,-96.6905621811748,75,"turning to leave parking lot, moderate confidence","enter_intersection",,FALSE,
8,180.35,1,40.8113531493213,-96.6906178370118,75,"finishing turn from parking lot, crosswalk as reference, moderate confidence","exit_intersection",,FALSE,
9,198.87,1,40.8123245371685,-96.6906164959073,75,"stopped before parking spot, moderate conf","begin_stop",,FALSE,3
10,201.16,1,40.8123245371685,-96.6906164959073,75,"stopped before parking spot, moderate conf","finish_stop",,TRUE,3
11,204.9,1,40.8123768084911,-96.6906164959073,75,"crossed crosswalk,  moderate confidence","enter_intersection",,FALSE,
12,208.2,1,40.8125204331725,-96.6907392069698,65,"just before crosswalk and drain,  moderate low confidence","exit_intersection",,FALSE,
13,237.21,1,40.8125397262518,-96.693668179214,75,,"begin_stop",,FALSE,4
14,265.52,1,40.8125397262518,-96.693668179214,75,,"finish_stop",,TRUE,4
15,266.84,1,40.8125422625918,-96.6937633976341,75,,"enter_intersection",,FALSE,
16,271.46,1,40.8125265337731,-96.6941737756133,75,,"exit_intersection",,FALSE,
17,280.09,1,40.81249100745,-96.6952198371291,60,,"enter_intersection",,FALSE,
18,281.44,1,40.8124930361107,-96.6954263672233,60,,"exit_intersection",,FALSE,
19,290.85,1,40.8124950671795,-96.6966447606683,60,,"enter_intersection",,FALSE,
20,292.44,1,40.8124970961841,-96.6968754306436,70,,"exit_intersection",,FALSE,
21,305.87,1,40.8125067397175,-96.6980012878776,75,,"begin_stop",,FALSE,5
22,324.5,1,40.8125067397175,-96.6980012878776,75,,"finish_stop",,TRUE,5
23,327.19,1,40.8125052175343,-96.698087118566,65,,"enter_intersection",,FALSE,
24,330.13,1,40.8125011583214,-96.6983191296458,65,,"exit_intersection",,FALSE,
25,343.8,1,40.8125016647985,-96.6994288936258,75,,"begin_stop",,FALSE,6
26,345.68,1,40.8125016647985,-96.6994288936258,75,,"finish_stop",,TRUE,6
27,350.18,1,40.8125029135886,-96.6995955258608,60,,"enter_intersection",,FALSE,
28,352.11,1,40.8125026793007,-96.6997816041112,60,,"exit_intersection",,FALSE,
29,364.09,1,40.8125077535315,-96.7010516300797,60,,"enter_intersection",,FALSE,
30,365.71,1,40.8125067388574,-96.7012923583388,60,,"exit_intersection",,FALSE,
31,380.34,1,40.812509785288,-96.7022485658527,60,,"begin_stop",,FALSE,7
32,382.96,1,40.812509785288,-96.7022485658527,60,,"finish_stop",,TRUE,7
33,387,1,40.8125113126317,-96.7025020346045,60,,"enter_intersection",,FALSE,
34,389.73,1,40.8125082703296,-96.7027427628637,60,,"exit_intersection",,FALSE,
35,405,1,40.8125168936828,-96.7039417102933,65,,"enter_intersection",,FALSE,
36,406.87,1,40.8125153720159,-96.7041898146272,65,,"exit_intersection",,FALSE,
37,416.96,1,40.8125209527227,-96.7053914442658,65,,"enter_intersection",,FALSE,
38,418.31,1,40.8125123274778,-96.7055778577924,50,"clear area, hard to find location","blinker_on",,FALSE,
39,419.27,1,40.8125102976136,-96.7056965455413,65,,"exit_intersection",,FALSE,
40,420.88,1,40.8125113122876,-96.7057796940207,55,,"lane_change_begin",,FALSE,
41,424.93,1,40.8125442936591,-96.7063201591373,75,,"lane_change_finish",,FALSE,
42,433.94,1,40.812551909387,-96.7068914696574,70,,"enter_intersection",,FALSE,
43,435.81,1,40.8125848943507,-96.7069632187486,70,,"exit_intersection",,FALSE,
44,451.86,1,40.8134420586106,-96.7069705948234,75,,"begin_stop",,FALSE,8
45,482.55,1,40.8134420586106,-96.7069705948234,75,,"finish_stop",,TRUE,8
46,485.86,1,40.8135004292198,-96.7069719359279,75,,"enter_intersection",,FALSE,
47,488.68,1,40.8137363970374,-96.7069732770324,75,,"exit_intersection",,FALSE,
48,489.28,1,40.8137957818701,-96.7069726064801,75,,"blinker_on",,FALSE,
49,490.56,1,40.8138612562907,-96.7069685831666,50,"hard to gauge how far from crosswalk the car has gone","lane_change_begin",,FALSE,
50,496.57,1,40.8144382786286,-96.7069323733449,60,"hard to gauge how far from crosswalk the car has gone","lane_change_finish",,FALSE,
51,498.17,1,40.814649900667,-96.7069330438972,70,,"enter_intersection",,FALSE,
52,499.94,1,40.8148645325744,-96.7069343850017,70,,"exit_intersection",,FALSE,
53,508.88,1,40.8157409498983,-96.7069504782557,70,,"enter_intersection",,FALSE,
54,510.48,1,40.8159424533878,-96.7069491371513,70,,"exit_intersection",,FALSE,
55,525.43,1,40.8175877120231,-96.7071959003806,60,"using sign as a reference, hard to gauge distance from sign","blinker_on",,FALSE,
56,528.65,1,40.8177065323619,-96.7072723433375,40,"very hard to tell location, rough estimate","lane_change_begin",,FALSE,
57,532.38,1,40.8183605908577,-96.7076558992267,65,,"lane_change_finish",,FALSE,
58,539.69,1,40.8191197532893,-96.7081018164754,70,,"enter_intersection",,FALSE,
59,540.41,1,40.8192770506176,-96.7081628367305,70,,"exit_intersection",,FALSE,
60,570.37,1,40.8220436753828,-96.7074654623866,70,,"enter_intersection",,FALSE,
61,574.65,1,40.822347597626,-96.7071469500661,70,,"exit_intersection",,FALSE,
62,610.74,1,40.8248634304508,-96.7027011886239,40,,"blinker_on",,FALSE,
63,612.65,1,40.825046086197,-96.7023384198547,60,,"lane_change_begin",,FALSE,
64,615.79,1,40.8252383967095,-96.7018925026059,45,,"lane_change_finish",,FALSE,
65,619.65,1,40.8253409128815,-96.7016899958253,60,,"begin_stop",,FALSE,9
66,642.21,1,40.8253409128815,-96.7016899958253,60,,"finish_stop",,TRUE,9
67,643.34,1,40.8253525776558,-96.7016511037946,55,"dark, hard to see area","enter_intersection",,FALSE,
68,646.99,1,40.8255118824463,-96.7013533785939,55,"dark, hard to see area","exit_intersection",,FALSE,
69,652.88,1,40.8258617480356,-96.7006308585405,35,"hard to see location, pole and lines as reference","blinker_on",,FALSE,
70,658.72,1,40.8263003984616,-96.6996924206614,50,,"lane_change_begin",,FALSE,
71,662.51,1,40.8265033638756,-96.6992351040244,50,,"lane_change_finish",,FALSE,
72,671.11,1,40.8266525515933,-96.698882393539,80,,"begin_stop",,FALSE,10
73,733.86,1,40.8266525515933,-96.698882393539,80,,"finish_stop",,TRUE,10
74,735.07,1,40.8266581335186,-96.6988327726722,60,,"enter_intersection",,FALSE,
75,737.64,1,40.826617043326,-96.6987033560872,60,,"exit_intersection",,FALSE,
76,740.85,1,40.8263821328643,-96.6985591873527,45,"using line marks as a reference on road","blinker_on",,FALSE,
77,743.89,1,40.8258839342288,-96.6982681676746,40,"using line marks  and street light as a reference on road","lane_change_begin",,FALSE,
78,747.28,1,40.8255563812382,-96.6979821771383,40,"using line marks  and street light as a reference on road","blinker_on|lane_change_finish",,FALSE,
79,750.66,1,40.8251014630022,-96.6976344957948,40,"using line marks  and street light as a reference on road","lane_change_begin",,FALSE,
80,754.15,1,40.8246680998087,-96.6971932724118,40,"using line marks  and street light as a reference on road","lane_change_finish",,FALSE,
81,762.11,1,40.8237065323689,-96.6962095722556,60,,"enter_intersection",,FALSE,
82,763.75,1,40.823512722142,-96.6959809139371,60,,"exit_intersection",,FALSE,
83,790.81,1,40.8211622605353,-96.6928695514798,65,,"enter_intersection",,FALSE,
84,794.45,1,40.8208157031503,-96.6926100477576,65,,"exit_intersection",,FALSE,
85,838.77,1,40.815964813761,-96.6940584406257,75,,"begin_stop",,FALSE,11
86,846.81,1,40.815964813761,-96.6940584406257,75,,"finish_stop",,TRUE,11
87,849.53,1,40.8159038898436,-96.6940611228347,75,,"enter_intersection",,FALSE,
88,852.23,1,40.8156948422546,-96.6940510645509,75,,"exit_intersection",,FALSE,
89,860.79,1,40.8148077694094,-96.6940597817302,75,,"enter_intersection",,FALSE,
90,862.35,1,40.8145956250724,-96.694064475596,75,,"exit_intersection",,FALSE,
91,873.16,1,40.8138034094953,-96.6940678283572,75,,"begin_stop",,FALSE,12
92,884.37,1,40.8138034094953,-96.6940678283572,75,,"finish_stop",,TRUE,12
93,887.03,1,40.8137501242974,-96.694067157805,75,,"enter_intersection",,FALSE,
94,891.45,1,40.8133989604958,-96.694064475596,75,,"exit_intersection",,FALSE,
95,899.41,1,40.8125980979989,-96.6940718516708,75,,"enter_intersection",,FALSE,
96,900.82,1,40.81236569625,-96.6940765455365,75,,"exit_intersection",,FALSE,
97,919.72,1,40.8103710973047,-96.6940886154771,75,,"enter_intersection",,FALSE,
98,922.74,1,40.8101209187961,-96.6940872743726,75,,"exit_intersection",,FALSE,
99,936.35,1,40.8092936229224,-96.694077886641,75,,"enter_intersection",,FALSE,
100,940.03,1,40.8091855121431,-96.6938210651279,65,,"exit_intersection",,FALSE,
101,954.72,1,40.8091814559956,-96.6917470470071,69,,"blinker_on",,FALSE,
102,956.17,1,40.8091814573718,-96.6915163770318,69,,"lane_change_begin",,FALSE,
103,960.01,1,40.8092149522334,-96.6910986229777,65,,"lane_change_finish",,FALSE,
104,965.54,1,40.8092134303187,-96.6907418891788,75,,"enter_intersection",,FALSE,
105,967.88,1,40.8092316984537,-96.6906480118632,75,,"exit_intersection",,FALSE,
106,982.74,1,40.8100112647611,-96.6906178370118,75,,"begin_stop",,FALSE,13
107,1021.13,1,40.8100112647611,-96.6906178370118,75,,"finish_stop",,TRUE,13
108,1023.75,1,40.8100802772034,-96.6906191781163,75,,"enter_intersection",,FALSE,
109,1026.55,1,40.8102619678957,-96.6906144842505,75,,"exit_intersection",,FALSE,
110,1037.8,1,40.8111978378215,-96.6906057670713,75,,"turn_begin_nonint",,FALSE,
111,1041.22,1,40.8112658364008,-96.6905192658305,75,,"turn_begin_nonint|turn_finish_nonint",,FALSE,
112,1046.06,1,40.8112019107037,-96.6904367879033,75,,"turn_finish_nonint",,FALSE,
113,1051.07,1,40.8109679653317,-96.690430752933,60,,"turn_begin_nonint",,FALSE,
114,1057.07,1,40.810868490137,-96.6901182755828,40,,"turn_finish_nonint",,FALSE,
115,1058.43,1,40.8108623907602,-96.6900351271034,60,,"turn_begin_nonint",,FALSE,
116,1066.81,1,40.81062793942,-96.6899043694139,60,,"turn_finish_nonint",,FALSE,
117,1075.28,1,40.8102868592126,-96.6899003461003,55,,"turn_begin_nonint",,FALSE,
118,1080.63,1,40.8102071687991,-96.6896723583341,45,,"turn_finish_nonint",,FALSE,
119,1085.33,1,40.8102071687991,-96.6896723583341,45,,"begin_stop|turn_begin_nonint",,FALSE,14
120,1086.37,1,40.8102071687991,-96.6896723583341,45,,"finish_stop",,TRUE,14
121,1091.06,1,40.8103198380774,-96.6894255951047,45,,"turn_finish_nonint",,FALSE,
122,1108.03,2,40.8111537103085,-96.6894007846713,95,"starting point stop area","begin_stop",,FALSE,15
123,1328.54,2,40.8111537103085,-96.6894007846713,95,"starting point stop area","finish_stop|turn_begin_nonint",,TRUE,15
124,1337.03,2,40.811288196286,-96.689563728869,75,,"turn_finish_nonint",,FALSE,
125,1357.74,2,40.8112963222567,-96.6905045136809,80,,"begin_stop",,FALSE,16
126,1359.54,2,40.8112950327897,-96.6904961317778,80,,"begin_stop",,FALSE,33
127,1361.01,2,40.8112950327897,-96.6904961317778,80,,"finish_stop",,TRUE,33
128,1361.86,2,40.8113018996257,-96.6905594989658,80,,"enter_intersection",,FALSE,
129,1364.72,2,40.81130213581,-96.6905651986599,75,,"enter_intersection",,FALSE,
130,1366.67,2,40.8113457858099,-96.6906087845564,75,,"exit_intersection",,FALSE,
131,1385.92,2,40.8123242696231,-96.6906134784222,75,,"begin_stop",,TRUE,34
132,1387.69,2,40.8123242696231,-96.6906134784222,75,,"finish_stop",,TRUE,34
133,1391.19,2,40.8123768076311,-96.6906232014299,75,,"enter_intersection",,FALSE,
134,1394.42,2,40.8125031733924,-96.690731830895,70,,"exit_intersection",,FALSE,
135,1425.21,2,40.8125376969045,-96.6936641559005,75,,"begin_stop",,FALSE,18
136,1489.01,2,40.8125376969045,-96.6936641559005,75,,"finish_stop",,TRUE,18
137,1492.36,2,40.812541754911,-96.693758033216,75,,"enter_intersection",,FALSE,
138,1497.1,2,40.8125199368447,-96.6941784694791,75,,"exit_intersection",,FALSE,
139,1505.79,2,40.8124874576377,-96.6952003911138,75,,"enter_intersection",,FALSE,
140,1507.45,2,40.8124874567776,-96.6954263672233,75,,"exit_intersection",,FALSE,
141,1522.14,2,40.8124955758928,-96.696551553905,80,,"begin_stop",,FALSE,19
142,1566.5,2,40.8124955758928,-96.696551553905,80,,"finish_stop",,TRUE,19
143,1569.32,2,40.8124976064455,-96.6966467723251,80,,"enter_intersection",,FALSE,
144,1572.37,2,40.8124950697598,-96.6968794539571,80,,"exit_intersection",,FALSE,
145,1588.15,2,40.8125031905942,-96.6980006173253,80,,"begin_stop",,FALSE,20
146,1604.49,2,40.8125031905942,-96.6980006173253,80,,"finish_stop",,TRUE,20
147,1607.13,2,40.8125036999955,-96.6980891302228,80,,"enter_intersection",,FALSE,
148,1610.57,2,40.8124971030648,-96.6983238235116,75,,"exit_intersection",,FALSE,
149,1630.2,2,40.8125001439912,-96.6995864734054,75,,"enter_intersection",,FALSE,
150,1632.66,2,40.8124960852942,-96.6997816041112,75,,"exit_intersection",,FALSE,
151,1642.7,2,40.8125042026881,-96.7010449245572,75,,"enter_intersection",,FALSE,
152,1645.24,2,40.8125026808488,-96.7012950405478,75,,"exit_intersection",,FALSE,
153,1659.36,2,40.8125097883843,-96.7022894695401,60,,"begin_stop",,FALSE,21
154,1661.23,2,40.8125097883843,-96.7022894695401,60,,"finish_stop",,TRUE,21
155,1666.74,2,40.8125077597242,-96.7024966701865,75,,"enter_intersection",,FALSE,
156,1669.04,2,40.8125074827186,-96.702738404274,75,,"exit_intersection",,FALSE,
157,1685.6,2,40.8125135857286,-96.7039400339127,75,,"enter_intersection",,FALSE,
158,1688.08,2,40.8125130747792,-96.7041888087988,75,,"exit_intersection",,FALSE,
159,1696.8,2,40.8125171247024,-96.7053884267807,75,,"enter_intersection",,FALSE,
160,1698.81,2,40.8125148602064,-96.7055966332555,65,,"blinker_on",,FALSE,
161,1699.46,2,40.8125090028376,-96.7056988924742,75,,"exit_intersection",,FALSE,
162,1705.07,2,40.8125422636239,-96.7063717916608,60,,"lane_change_finish",,FALSE,
163,1712.67,2,40.812551126421,-96.7068891227245,75,,"enter_intersection",,FALSE,
164,1714.44,2,40.8125836057688,-96.7069548368454,75,,"exit_intersection",,FALSE,
165,1731.57,2,40.8134443347719,-96.7069729417562,80,,"begin_stop",,FALSE,22
166,1762.09,2,40.8134443347719,-96.7069729417562,80,,"finish_stop",,TRUE,22
167,1764.99,2,40.8134976234836,-96.7069702595472,75,,"enter_intersection",,FALSE,
168,1766.93,2,40.813628053307,-96.7069702595472,55,,"blinker_on",,FALSE,
169,1768.34,2,40.8137391968577,-96.7069702595472,75,,"exit_intersection",,FALSE,
170,1769.4,2,40.8137995882576,-96.706972271204,75,,"lane_change_begin",,FALSE,
171,1773.25,2,40.8141982111951,-96.7069270089269,65,,"lane_change_finish",,FALSE,
172,1777.61,2,40.8146501469882,-96.7069266736508,75,,"enter_intersection",,FALSE,
173,1779.97,2,40.8148668448094,-96.706932708621,75,,"exit_intersection",,FALSE,
174,1789.25,2,40.8157364305009,-96.70694578439,75,,"enter_intersection",,FALSE,
175,1790.82,2,40.8159432245599,-96.7069488018751,75,,"exit_intersection",,FALSE,
176,1802.68,2,40.8173239055042,-96.7070599459112,55,,"blinker_on",,FALSE,
177,1804.26,2,40.8175289493422,-96.707165054977,40,,"lane_change_begin",,FALSE,
178,1806.89,2,40.8177891728076,-96.7072669789195,40,,"lane_change_finish",,FALSE,
179,1818.4,2,40.8191245508961,-96.708103492856,70,,"enter_intersection",,FALSE,
180,1819.93,2,40.8192727408998,-96.7081705480814,75,,"exit_intersection",,FALSE,
181,1849.52,2,40.8220525298589,-96.707471832633,75,,"enter_intersection",,FALSE,
182,1855.2,2,40.822361827958,-96.7071275040507,75,,"exit_intersection",,FALSE,
183,1882.36,2,40.8246399000023,-96.7031528055668,55,,"blinker_on",,FALSE,
184,1888.31,2,40.8250458336656,-96.7023327201605,70,,"lane_change_begin",,FALSE,
185,1892.24,2,40.8252361021492,-96.701892837882,70,,"lane_change_finish",,FALSE,
186,1898.44,2,40.8253386093816,-96.7016863077879,75,,"begin_stop",,FALSE,23
187,1900.96,2,40.8253386093816,-96.7016863077879,75,,"finish_stop",,TRUE,23
188,1903.69,2,40.8253512917297,-96.7016494274139,75,,"enter_intersection",,FALSE,
189,1905.89,2,40.8254588637691,-96.7014180868864,75,,"exit_intersection",,FALSE,
190,1914.4,2,40.8259256898756,-96.7004994302988,30,,"blinker_on",,FALSE,
191,1918.8,2,40.8262869520652,-96.6997356712818,55,,"lane_change_begin",,FALSE,
192,1923.29,2,40.8264906819198,-96.699249856174,40,,"lane_change_finish",,FALSE,
193,1928.39,2,40.8266505058809,-96.6988213732839,75,,"enter_intersection",,FALSE,
194,1929.9,2,40.8266172742964,-96.6987036913633,75,,"exit_intersection",,FALSE,
195,1933.93,2,40.8263268453551,-96.6985263302922,55,,"blinker_on",,FALSE,
196,1935.7,2,40.826201474471,-96.6984612867236,70,,"lane_change_begin",,FALSE,
197,1939.41,2,40.8258018729029,-96.6981672495604,70,,"lane_change_finish",,FALSE,
198,1940.71,2,40.8256613207386,-96.698063313961,45,,"blinker_on",,FALSE,
199,1942.46,2,40.8253993031183,-96.6978691890836,75,,"lane_change_begin",,FALSE,
200,1945.62,2,40.8250212797025,-96.6975258663297,75,,"lane_change_finish",,FALSE,
201,1957.87,2,40.823706755094,-96.6961978375912,65,,"enter_intersection",,FALSE,
202,1959.51,2,40.8235149458451,-96.6959846019745,75,,"exit_intersection",,FALSE,
203,1986.14,2,40.821216780494,-96.6929154843092,75,,"begin_stop",,FALSE,24
204,2015.76,2,40.821216780494,-96.6929154843092,75,,"finish_stop",,TRUE,24
205,2018.35,2,40.8211680692681,-96.692875251174,75,,"enter_intersection",,FALSE,
206,2023.08,2,40.8208062581041,-96.692603006959,75,,"exit_intersection",,FALSE,
207,2067.84,2,40.8159599665019,-96.6940554231405,75,,"begin_stop",,FALSE,25
208,2081.27,2,40.8159599665019,-96.6940554231405,75,,"finish_stop",,TRUE,25
209,2083.94,2,40.8159041459646,-96.6940587759018,75,,"enter_intersection",,FALSE,
210,2086.48,2,40.8156904966121,-96.6940480470657,75,,"exit_intersection",,FALSE,
211,2099.04,2,40.8148610329445,-96.694061793387,75,,"begin_stop",,FALSE,26
212,2111.26,2,40.8148610329445,-96.694061793387,75,,"finish_stop",,TRUE,26
213,2114.32,2,40.8148054426662,-96.6940587759018,75,,"enter_intersection",,FALSE,
214,2117.46,2,40.8145948371422,-96.6940627992153,75,,"exit_intersection",,FALSE,
215,2130.4,2,40.8138060658529,-96.6940629668534,75,,"begin_stop",,FALSE,27
216,2159.32,2,40.8138060658529,-96.6940629668534,75,,"finish_stop",,TRUE,27
217,2161.66,2,40.8137473097991,-96.6940668225289,75,,"enter_intersection",,FALSE,
218,2166.68,2,40.8133910504897,-96.6940634697676,75,,"exit_intersection",,FALSE,
219,2178.69,2,40.8126577043765,-96.6940728574991,75,,"begin_stop",,FALSE,28
220,2182.18,2,40.8126577043765,-96.6940728574991,75,,"finish_stop",,TRUE,28
221,2184.52,2,40.8125983266099,-96.6940701752901,75,,"enter_intersection",,FALSE,
222,2187.76,2,40.8123684218163,-96.6940782219172,75,,"exit_intersection",,FALSE,
223,2205.03,2,40.8103647413384,-96.6940849274397,75,,"enter_intersection",,FALSE,
224,2206.92,2,40.8101256991633,-96.694085597992,75,,"exit_intersection",,FALSE,
225,2219.65,2,40.8092908118476,-96.6940668225289,75,,"enter_intersection",,FALSE,
226,2224.55,2,40.8091834808009,-96.6937613859773,75,,"exit_intersection",,FALSE,
227,2238.79,2,40.8091794274057,-96.6917061433196,55,,"blinker_on",,FALSE,
228,2239.93,2,40.8091809494932,-96.6915706917644,60,,"lane_change_begin",,FALSE,
229,2242.91,2,40.8092119042754,-96.6911824420095,60,,"lane_change_finish",,FALSE,
230,2250.52,2,40.809209099562,-96.6908106207848,75,,"begin_stop",,FALSE,29
231,2259.4,2,40.809209099562,-96.6908106207848,75,,"finish_stop",,TRUE,29
232,2262.13,2,40.8092177273007,-96.6907415539026,75,,"enter_intersection",,FALSE,
233,2263.47,2,40.8092347429704,-96.6906614229083,75,,"exit_intersection",,FALSE,
234,2279.26,2,40.8100262237381,-96.6906161606312,75,,"begin_stop",,FALSE,30
235,2318.71,2,40.8100262237381,-96.6906161606312,75,,"finish_stop",,TRUE,30
236,2320.22,2,40.810086110818,-96.6906175017357,75,,"enter_intersection",,FALSE,
237,2322.73,2,40.8102855690379,-96.6906171664596,70,,"exit_intersection",,FALSE,
238,2334.33,2,40.8112110481105,-96.6905983909965,65,,"enter_intersection",,FALSE,
239,2336.85,2,40.8112574750446,-96.6905169188976,65,,"exit_intersection|turn_begin_nonint",,FALSE,
240,2341.45,2,40.8111331330327,-96.6904337704182,65,,"turn_finish_nonint",,FALSE,
241,2346.15,2,40.8109534727455,-96.6904284060002,60,,"turn_begin_nonint",,FALSE,
242,2353.98,2,40.8108616096665,-96.6900730133057,60,,"turn_begin_nonint|turn_finish_nonint",,FALSE,
243,2362,2,40.8106862860136,-96.6899036988616,70,,"turn_finish_nonint",,FALSE,
244,2371.39,2,40.8102889010145,-96.6899083927274,70,,"turn_begin_nonint",,FALSE,
245,2376.5,2,40.8102150240799,-96.6896418482065,70,,"turn_finish_nonint",,FALSE,
246,2377.88,2,40.8102140083386,-96.6895654052496,70,,"turn_begin_nonint",,FALSE,
247,2381.71,2,40.8102109624907,-96.6895466297865,70,,"begin_stop",,FALSE,31
248,2383.11,2,40.8102109624907,-96.6895466297865,70,,"finish_stop",,TRUE,31
249,2389.08,2,40.8103124691187,-96.689460799098,70,,"turn_finish_nonint",,FALSE,
250,2407.62,3,40.8111615567042,-96.6894011199475,95,"starting area just before final lap","begin_stop",,FALSE,32
251,2591.32,3,40.8111615567042,-96.6894011199475,95,"starting area just before final lap","finish_stop|turn_begin_nonint",,TRUE,32
252,2599.84,3,40.8112851492833,-96.6895503178239,75,"starting area just before final lap","turn_finish_nonint",,FALSE,
253,2605.96,3,40.8112932716419,-96.6898185387254,75,,"enter_intersection",,FALSE,
254,2609.98,3,40.8112947955732,-96.6899164393544,75,,"exit_intersection",,FALSE,
255,2621.45,3,40.8112960402575,-96.6904981434345,75,,"begin_stop",,FALSE,35
256,2624.46,3,40.8112960402575,-96.6904981434345,75,,"finish_stop",,TRUE,35
257,2629.13,3,40.8113056899862,-96.6905511170626,75,,"enter_intersection",,FALSE,
258,2632.91,3,40.8113467994697,-96.6906148195267,75,,"exit_intersection",,FALSE,
259,2650.8,3,40.8123242677309,-96.6906148195267,75,,"begin_stop",,FALSE,36
260,2652.22,3,40.8123242677309,-96.6906148195267,75,,"finish_stop",,TRUE,36
261,2653.4,3,40.8123826333029,-96.6906275600195,75,,"enter_intersection",,FALSE,
262,2657.24,3,40.812511541415,-96.6907335072756,75,,"exit_intersection",,FALSE,
263,2686.82,3,40.8125366834349,-96.6936198994517,70,,"begin_stop",,FALSE,37
264,2696.54,3,40.8125366834349,-96.6936198994517,70,,"finish_stop",,TRUE,37
265,2700.58,3,40.812542001928,-96.6937550157309,70,,"enter_intersection",,FALSE,
266,2704.54,3,40.8125252436419,-96.6941774636507,70,,"exit_intersection",,FALSE,
267,2728.08,3,40.812498342222,-96.6965599358082,80,,"begin_stop",,FALSE,38
268,2766.36,3,40.812498342222,-96.6965599358082,80,,"finish_stop",,TRUE,38
269,2769.01,3,40.8124973280637,-96.6966424137354,75,,"enter_intersection",,FALSE,
270,2771.79,3,40.8124988535155,-96.69688180089,75,,"exit_intersection",,FALSE,
271,2785.21,3,40.8125074796223,-96.6980110108852,75,,"begin_stop",,FALSE,39
272,2804.57,3,40.8125074796223,-96.6980110108852,75,,"finish_stop",,TRUE,39
273,2806.45,3,40.8125085008331,-96.6980901360512,75,,"enter_intersection",,FALSE,
274,2809.25,3,40.8124998661255,-96.6983228176832,75,,"exit_intersection",,FALSE,
275,2823.47,3,40.8125013920933,-96.6993775963784,60,,"begin_stop",,FALSE,40
276,2825.35,3,40.8125013920933,-96.6993775963784,60,,"finish_stop",,TRUE,40
277,2830.01,3,40.8125085025532,-96.6995861381292,75,,"enter_intersection",,FALSE,
278,2831.49,3,40.8124998748984,-96.6997852921486,75,,"exit_intersection",,FALSE,
279,2841.64,3,40.8125102967535,-96.7010462656617,75,,"enter_intersection",,FALSE,
280,2843.22,3,40.8125064596156,-96.701292693615,75,,"enter_intersection",,FALSE,
281,2857.22,3,40.8125115378026,-96.7022797465325,60,,"begin_stop",,FALSE,41
282,2860.68,3,40.8125115378026,-96.7022797465325,60,,"finish_stop",,TRUE,41
283,2865.87,3,40.8125145881894,-96.7024943232536,74,,"enter_intersection",,FALSE,
284,2868.55,3,40.8125069745215,-96.702743768692,75,,"exit_intersection",,FALSE,
285,2881.36,3,40.8125156023474,-96.7039339989424,75,,"enter_intersection",,FALSE,
286,2883.53,3,40.812514067091,-96.7041921615601,75,,"exit_intersection",,FALSE,
287,2892.32,3,40.8125191504379,-96.7053837329149,75,,"enter_intersection",,FALSE,
288,2894.12,3,40.8125130651462,-96.7056251317263,60,,"blinker_on",,FALSE,
289,2894.7,3,40.8125095063902,-96.7056995630264,75,,"exit_intersection",,FALSE,
290,2896.17,3,40.8125140794763,-96.7058262974024,65,,"lane_change_begin",,FALSE,
291,2902.19,3,40.8125448065005,-96.7066299542785,70,,"lane_change_finish",,FALSE,
292,2907.71,3,40.8125508755049,-96.7068408429623,70,,"begin_stop",,FALSE,42
293,2911.23,3,40.8125508755049,-96.7068408429623,70,,"finish_stop",,TRUE,42
294,2913.25,3,40.8125557005363,-96.706885099411,75,,"enter_intersection",,FALSE,
295,2915.51,3,40.8125871557479,-96.706964224577,75,,"exit_intersection",,FALSE,
296,2931.86,3,40.8134478886613,-96.706972271204,75,,"begin_stop",,FALSE,43
297,2961.73,3,40.8134478886613,-96.706972271204,75,,"finish_stop",,TRUE,43
298,2964.6,3,40.8134915324332,-96.7069709300995,75,,"enter_intersection",,FALSE,
299,2967.23,3,40.8136214525318,-96.706969588995,75,,"blinker_on",,FALSE,
300,2968.18,3,40.81373766593,-96.706972271204,75,,"exit_intersection",,FALSE,
301,2969.85,3,40.8138840610467,-96.7069699242711,65,,"lane_change_begin",,FALSE,
302,2973.87,3,40.8142411110903,-96.706924661994,75,,"lane_change_finish",,FALSE,
303,2978.04,3,40.8146465983235,-96.7069283500314,75,,"enter_intersection",,FALSE,
304,2979.72,3,40.814861772307,-96.7069286853075,75,,"exit_intersection",,FALSE,
305,2990.17,3,40.8157336285002,-96.7069494724274,75,,"enter_intersection",,FALSE,
306,2992.3,3,40.8159457619738,-96.7069494724274,75,,"exit_intersection",,FALSE,
307,3004.19,3,40.8173045454441,-96.7070624604821,65,,"blinker_on",,FALSE,
308,3006.17,3,40.8175686761823,-96.7071814835072,65,,"lane_change_begin",,FALSE,
309,3010.35,3,40.8180710763058,-96.707463786006,65,,"lane_change_finish",,FALSE,
310,3020.87,3,40.8191194800953,-96.7080994695425,75,,"enter_intersection",,FALSE,
311,3022.22,3,40.8192788222175,-96.7081698775292,75,,"exit_intersection",,FALSE,
312,3052.3,3,40.8220535395712,-96.7074597626925,75,,"enter_intersection",,FALSE,
313,3056.91,3,40.8223711929211,-96.7071244865656,75,,"exit_intersection",,FALSE,
314,3084.02,3,40.8246617192421,-96.7031105607748,65,,"blinker_on",,FALSE,
315,3089.65,3,40.8250509031534,-96.7023266851902,65,,"lane_change_begin",,FALSE,
316,3093.47,3,40.8252406783135,-96.7018841207027,70,,"lane_change_finish",,FALSE,
317,3096.04,3,40.8253523137747,-96.7016527801752,75,,"enter_intersection",,FALSE,
318,3097.49,3,40.8254589954515,-96.7014108784497,75,,"exit_intersection",,FALSE,
319,3105.32,3,40.8259647520187,-96.7004216462374,70,,"blinker_on",,FALSE,
320,3111.24,3,40.8263128275833,-96.6996598988771,70,,"lane_change_begin",,FALSE,
321,3117.01,3,40.826602048133,-96.6990342736244,70,,"lane_change_finish",,FALSE,
322,3122.26,3,40.8266533083665,-96.6988740116358,75,,"begin_stop",,FALSE,44
323,3124.47,3,40.8266533083665,-96.6988740116358,75,,"finish_stop",,TRUE,44
324,3126.01,3,40.8266532963278,-96.6988156735897,65,,"enter_intersection",,FALSE,
325,3129.54,3,40.8265639974995,-96.6986674815417,65,,"exit_intersection|blinker_on",,FALSE,
326,3132.43,3,40.8263752378365,-96.6985534876585,60,,"lane_change_begin",,FALSE,
327,3135.77,3,40.8259474990042,-96.6982664912939,60,,"blinker_on|lane_change_finish",,FALSE,
328,3137.92,3,40.8258089714463,-96.6981719434262,65,,"lane_change_begin",,FALSE,
329,3141.9,3,40.8253571606915,-96.6977893933654,70,,"lane_change_finish",,FALSE,
330,3159.6,3,40.8237595248715,-96.6962575167418,75,,"begin_stop",,FALSE,45
331,3177.72,3,40.8237595248715,-96.6962575167418,75,,"finish_stop",,TRUE,45
332,3181.09,3,40.8237026843554,-96.6961985081434,75,,"enter_intersection",,FALSE,
333,3183.72,3,40.8235078541077,-96.695980578661,75,,"exit_intersection",,FALSE,
334,3213.75,3,40.8212193073865,-96.6929215192795,75,,"begin_stop",,FALSE,46
335,3240.46,3,40.8212193073865,-96.6929215192795,75,,"finish_stop",,TRUE,46
336,3243.08,3,40.8211650201392,-96.692872568965,75,,"enter_intersection",,FALSE,
337,3248.03,3,40.8208098091912,-96.692605689168,75,,"exit_intersection",,FALSE,
338,3293.15,3,40.8159650518209,-96.6940527409315,75,,"begin_stop",,FALSE,47
339,3295.82,3,40.8159650518209,-96.6940527409315,75,,"finish_stop",,TRUE,47
340,3298.93,3,40.8159036438138,-96.694059446454,75,,"enter_intersection",,FALSE,
341,3301.43,3,40.8156960851363,-96.6940450295806,75,,"exit_intersection",,FALSE,
342,3315.57,3,40.8148079728991,-96.694059446454,75,,"enter_intersection",,FALSE,
343,3318.56,3,40.8145897546424,-96.6940621286631,75,,"exit_intersection",,FALSE,
344,3330.34,3,40.8138087208343,-96.6940688341856,75,,"begin_stop",,FALSE,48
345,3358.63,3,40.8138087208343,-96.6940688341856,75,,"finish_stop",,TRUE,48
346,3361.38,3,40.8137493449579,-96.6940681636333,75,,"enter_intersection",,FALSE,
347,3365.74,3,40.8133935869692,-96.6940621286631,75,,"exit_intersection",,FALSE,
348,3373.1,3,40.8125978161772,-96.6940755397082,76,,"enter_intersection",,FALSE,
349,3374.87,3,40.8123623304901,-96.6940762102604,75,,"exit_intersection",,FALSE,
350,3389.8,3,40.810366168872,-96.6940891183913,75,,"enter_intersection",,FALSE,
351,3391.79,3,40.8101236676779,-96.6940889507532,75,,"exit_intersection",,FALSE,
352,3402.76,3,40.8093481633012,-96.6940929740667,75,,"begin_stop",,FALSE,49
353,3408.7,3,40.8093481633012,-96.6940929740667,75,,"finish_stop",,TRUE,49
354,3412.3,3,40.8092872592837,-96.6940688341856,75,,"enter_intersection",,FALSE,
355,3415.9,3,40.8091816849624,-96.6937617212534,75,,"exit_intersection",,FALSE,
356,3428.29,3,40.8091741346191,-96.6919673234224,60,,"blinker_on",,FALSE,
357,3430.53,3,40.8091801682078,-96.6915830969811,60,,"lane_change_begin",,FALSE,
358,3434.36,3,40.8092088607898,-96.6910677775741,70,,"lane_change_finish",,FALSE,
359,3437.79,3,40.8092232983073,-96.6907395422459,75,,"enter_intersection",,FALSE,
360,3439.03,3,40.8092400557072,-96.6906637698412,75,,"exit_intersection",,FALSE,
361,3451.07,3,40.8100774763113,-96.6906114667654,75,,"enter_intersection",,FALSE,
362,3452.83,3,40.8102703257075,-96.6906168311834,75,,"exit_intersection",,FALSE,
363,3463.14,3,40.8112201801835,-96.6905977204442,65,,"enter_intersection",,FALSE,
364,3466.2,3,40.8112496374333,-96.6905266419053,65,,"exit_intersection|turn_begin_nonint",,FALSE,
365,3470.51,3,40.8111620623313,-96.6904357820749,65,,"turn_finish_nonint",,FALSE,
366,3474.75,3,40.8109575339453,-96.6904237121344,65,,"turn_begin_nonint",,FALSE,
367,3481.62,3,40.8108682088241,-96.690050214529,65,,"turn_begin_nonint|turn_finish_nonint",,FALSE,
368,3490.49,3,40.8106042953366,-96.6899006813765,65,,"turn_finish_nonint",,FALSE,
369,3497.46,3,40.8102698357277,-96.6899067163467,65,,"turn_begin_nonint",,FALSE,
370,3503.03,3,40.8101987828822,-96.6896733641625,65,,"turn_finish_nonint",,FALSE,
371,3506.95,3,40.810207408944,-96.6895271837711,65,,"turn_begin_nonint",,FALSE,
372,3511.25,3,40.8103358156486,-96.6894433647394,65,,"turn_finish_nonint",,FALSE,
373,3528.79,3,40.8111595307551,-96.6894017904997,95,,"begin_stop",,FALSE,50
374,3952.47,3,40.8111595307551,-96.6894017904997,95,,"finish_stop",,TRUE,50
