"segment","pointA","pointB","timeA","timeB","lap","held","modelAvailable","referenceOk","reason","obdA","obdB","surfaceM","maximumGrade"
1,0,1,0,137.31,1,TRUE,TRUE,FALSE,"conflicting_stop_coordinates;flagged_v4_geometry",0,0.768908770156723,0,
2,1,2,137.31,147.95,1,FALSE,TRUE,FALSE,"path_obd_distance_disagreement",0.768908770156723,23.2045275549192,29.6855195330089,0.0106266666671724
3,2,3,147.95,153.24,1,FALSE,TRUE,TRUE,"supported_v4_model",23.2045275549192,38.3297032843642,14.7130361787541,0.015419198716247
4,3,4,153.24,157.65,1,FALSE,TRUE,TRUE,"supported_v4_model",38.3297032843642,51.1910867078641,13.4748649954932,0.0118570484507892
5,4,5,157.65,169.94,1,FALSE,TRUE,FALSE,"elevation_grade_needs_review",51.1910867078641,98.8438295416622,45.0580202161163,0.319852530804164
6,5,6,169.94,172.5,1,TRUE,TRUE,TRUE,"supported_v4_model",98.8438295416622,101.222618772524,0,
7,6,7,172.5,176.47,1,FALSE,TRUE,TRUE,"supported_v4_model",101.222618772524,106.130357969223,5.75091187474201,0.0183370162090991
8,7,8,176.47,180.35,1,FALSE,TRUE,TRUE,"supported_v4_model",106.130357969223,112.661142902317,7.26185097845509,0.0118408790885873
9,8,9,180.35,198.87,1,FALSE,TRUE,TRUE,"supported_v4_model",112.661142902317,223.081051043455,107.882106433019,0.0126400000142572
10,9,10,198.87,201.16,1,TRUE,TRUE,TRUE,"supported_v4_model",223.081051043455,224.637107833334,0,
11,10,11,201.16,204.9,1,FALSE,TRUE,TRUE,"supported_v4_model",224.637107833334,230.637256374891,5.80523900437714,0.00601461794270107
12,11,12,204.9,208.2,1,FALSE,TRUE,FALSE,"path_obd_distance_disagreement",230.637256374891,244.883668694644,20.9966434348693,0.0100590234275942
13,12,13,208.2,237.21,1,FALSE,TRUE,TRUE,"supported_v4_model",244.883668694644,495.208425592252,247.160788956689,0.00680000000186809
14,13,14,237.21,265.52,1,TRUE,TRUE,TRUE,"supported_v4_model",495.208425592252,498.84721950558,0,
15,14,15,265.52,266.84,1,FALSE,TRUE,FALSE,"path_obd_distance_disagreement",498.84721950558,502.886762345394,8.03334682434577,0.00560156509935489
16,15,16,266.84,271.46,1,FALSE,TRUE,TRUE,"supported_v4_model",502.886762345394,536.575115677722,34.6871197607846,0.0268330373314705
17,16,17,271.46,280.09,1,FALSE,TRUE,TRUE,"supported_v4_model",536.575115677722,624.599884497871,88.3655907253793,0.0281963770113101
18,17,18,280.09,281.44,1,FALSE,TRUE,TRUE,"supported_v4_model",624.599884497871,639.046965598149,17.4222819938439,0.014773042138765
19,18,19,281.44,290.85,1,FALSE,TRUE,TRUE,"supported_v4_model",639.046965598149,742.474676433274,102.806431799591,0.00537142857377176
20,19,20,290.85,292.44,1,FALSE,TRUE,TRUE,"supported_v4_model",742.474676433274,760.266376686972,19.4652533814428,0.0141761082848288
21,20,21,292.44,305.87,1,FALSE,TRUE,FALSE,"elevation_grade_needs_review",760.266376686972,865.841198237572,95.0137654082957,1.11188383794604
22,21,22,305.87,324.5,1,TRUE,TRUE,TRUE,"supported_v4_model",865.841198237572,867.794338384403,0,
23,22,23,324.5,327.19,1,FALSE,TRUE,FALSE,"path_obd_distance_disagreement",867.794338384403,872.019782672388,7.24590756608324,0.00623238706308192
24,23,24,327.19,330.13,1,FALSE,TRUE,TRUE,"supported_v4_model",872.019782672388,888.384240748275,19.5811372187035,0.00222609609532349
25,24,25,330.13,343.8,1,FALSE,TRUE,TRUE,"supported_v4_model",888.384240748275,983.873504820957,93.6293617406609,0.00338211314824014
26,25,26,343.8,345.68,1,TRUE,TRUE,TRUE,"supported_v4_model",983.873504820957,985.537387700957,0,
27,26,27,345.68,350.18,1,FALSE,TRUE,TRUE,"supported_v4_model",985.537387700957,1000.1438385429,14.0641663754474,0.00360638494596125
28,27,28,350.18,352.11,1,FALSE,TRUE,TRUE,"supported_v4_model",1000.1438385429,1013.47966759362,15.7123501637091,0.00180391514878666
29,28,29,352.11,364.09,1,FALSE,TRUE,TRUE,"supported_v4_model",1013.47966759362,1122.50762737061,107.157782226472,0.00517142857228048
30,29,30,364.09,365.71,1,FALSE,TRUE,FALSE,"path_obd_distance_disagreement",1122.50762737061,1138.65775202266,20.3136349688462,0.0352423424579907
31,30,31,365.71,380.34,1,FALSE,TRUE,TRUE,"supported_v4_model",1138.65775202266,1227.66082327925,80.6844206748773,0.00729531662647921
32,31,32,380.34,382.96,1,TRUE,TRUE,TRUE,"supported_v4_model",1227.66082327925,1229.65640972457,0,
33,32,33,382.96,387,1,FALSE,TRUE,FALSE,"path_obd_distance_disagreement",1229.65640972457,1245.68274905216,21.3892778400612,0.0125935356713269
34,33,34,387,389.73,1,FALSE,TRUE,TRUE,"supported_v4_model",1245.68274905216,1264.35060305434,20.3211839932417,0.00939109258550609
35,34,35,389.73,405,1,FALSE,TRUE,TRUE,"supported_v4_model",1264.35060305434,1368.41416125431,101.163791240042,0.00565714285829087
36,35,36,405,406.87,1,FALSE,TRUE,FALSE,"path_obd_distance_disagreement",1368.41416125431,1385.04986077431,20.936137672861,0.0330465569843937
37,36,37,406.87,416.96,1,FALSE,TRUE,TRUE,"supported_v4_model",1385.04986077431,1486.43873391856,101.405334816692,0.0141963444164923
38,37,38,416.96,418.31,1,FALSE,TRUE,FALSE,"anchor_confidence_below_60",1486.43873391856,1500.29639409322,15.7651202380459,0.00400037009460192
39,38,39,418.31,419.27,1,FALSE,TRUE,FALSE,"anchor_confidence_below_60",1500.29639409322,1510.14450515363,9.99928525402145,0.00550063527308465
40,39,40,419.27,420.88,1,FALSE,TRUE,FALSE,"anchor_confidence_below_60;path_obd_distance_disagreement",1510.14450515363,1526.48368306031,7.00834197792073,0.00322681493928164
41,40,41,420.88,424.93,1,FALSE,TRUE,FALSE,"anchor_confidence_below_60",1526.48368306031,1565.2163670682,45.7450881133915,0.00546850018014657
42,41,42,424.93,433.94,1,FALSE,TRUE,TRUE,"supported_v4_model",1565.2163670682,1619.23218941938,47.9616942645069,0.00603002897722486
43,42,43,433.94,435.81,1,FALSE,TRUE,TRUE,"supported_v4_model",1619.23218941938,1627.00666205938,8.22413895921124,0.00590424314530142
44,43,44,435.81,451.86,1,FALSE,TRUE,TRUE,"supported_v4_model",1627.00666205938,1719.485066803,95.2057132188398,0.0210407714866896
45,44,45,451.86,482.55,1,TRUE,TRUE,TRUE,"supported_v4_model",1719.485066803,1721.05131618426,0,
46,45,46,482.55,485.86,1,FALSE,TRUE,FALSE,"path_obd_distance_disagreement",1721.05131618426,1729.73207297499,6.48409227641035,0.00995115034149571
47,46,47,485.86,488.68,1,FALSE,TRUE,FALSE,"path_obd_distance_disagreement",1729.73207297499,1750.34692022275,26.2115938258485,0.016460000001379
48,47,48,488.68,489.28,1,FALSE,TRUE,TRUE,"supported_v4_model",1750.34692022275,1756.0185166874,6.59909439925083,0.00130500859581796
49,48,49,489.28,490.56,1,FALSE,TRUE,FALSE,"anchor_confidence_below_60;path_obd_distance_disagreement",1756.0185166874,1768.4354997274,7.2798123233695,0.00590434882000658
50,49,50,490.56,496.57,1,FALSE,TRUE,FALSE,"anchor_confidence_below_60",1768.4354997274,1831.963124748,64.2085070570404,0.00982000000122778
51,50,51,496.57,498.17,1,FALSE,TRUE,FALSE,"path_obd_distance_disagreement",1831.963124748,1850.202356748,23.5064813157273,0.00464000000307546
52,51,52,498.17,499.94,1,FALSE,TRUE,TRUE,"supported_v4_model",1850.202356748,1870.17297464498,23.8469844123306,0.00874000000397814
53,52,53,499.94,508.88,1,FALSE,TRUE,TRUE,"supported_v4_model",1870.17297464498,1972.87107144925,97.362232691782,0.0111714285723758
54,53,54,508.88,510.48,1,FALSE,TRUE,TRUE,"supported_v4_model",1972.87107144925,1992.00523284597,22.375964424017,0.011540000015648
55,54,55,510.48,525.43,1,FALSE,TRUE,FALSE,"construction_or_occluded_lane_uncertainty",1992.00523284597,2180.85558201693,185.421560715148,0.020360966325054
56,55,56,525.43,528.65,1,FALSE,TRUE,FALSE,"anchor_confidence_below_60;path_obd_distance_disagreement",2180.85558201693,2224.57486465166,14.6850446682021,0.0185671485448115
57,56,57,528.65,532.38,1,FALSE,TRUE,FALSE,"anchor_confidence_below_60;path_obd_distance_disagreement",2224.57486465166,2276.20777585203,79.6529554568039,0.0213426631839275
58,57,58,532.38,539.69,1,FALSE,TRUE,TRUE,"supported_v4_model",2276.20777585203,2373.26390023461,92.3948213651321,0.043801628349962
59,58,59,539.69,540.41,1,FALSE,TRUE,FALSE,"path_obd_distance_disagreement",2373.26390023461,2382.65397100833,18.2446386526972,0.0203380906312469
60,59,60,540.41,570.37,1,FALSE,TRUE,TRUE,"supported_v4_model",2382.65397100833,2716.31875284428,329.699460445591,0.0279238072005913
61,60,61,570.37,574.65,1,FALSE,TRUE,TRUE,"supported_v4_model",2716.31875284428,2752.13202137459,44.1086999055605,0.0164915266881765
62,61,62,574.65,610.74,1,FALSE,TRUE,FALSE,"anchor_confidence_below_60;construction_or_occluded_lane_uncertainty",2752.13202137459,3230.59984957901,470.967476831663,0.0152532575431375
63,62,63,610.74,612.65,1,FALSE,TRUE,FALSE,"anchor_confidence_below_60;path_obd_distance_disagreement",3230.59984957901,3258.64758620814,36.7176878490717,0.014020000004619
64,63,64,612.65,615.79,1,FALSE,TRUE,FALSE,"anchor_confidence_below_60",3258.64758620814,3303.80953396052,43.2804596978548,0.00968859911402248
65,64,65,615.79,619.65,1,FALSE,TRUE,FALSE,"anchor_confidence_below_60",3303.80953396052,3331.17515436908,20.5301928169732,0.0134821094848215
66,65,66,619.65,642.21,1,TRUE,TRUE,TRUE,"supported_v4_model",3331.17515436908,3334.10773682088,0,
67,66,67,642.21,643.34,1,FALSE,TRUE,FALSE,"anchor_confidence_below_60;path_obd_distance_disagreement",3334.10773682088,3336.29613165303,3.52754882252506,0.00510275980556642
68,67,68,643.34,646.99,1,FALSE,TRUE,FALSE,"anchor_confidence_below_60",3336.29613165303,3361.06715441909,30.7818513427767,0.0299922234897671
69,68,69,646.99,652.88,1,FALSE,TRUE,FALSE,"anchor_confidence_below_60",3361.06715441909,3436.24417253415,72.3052333138439,0.0289438802610023
70,69,70,652.88,658.72,1,FALSE,TRUE,FALSE,"anchor_confidence_below_60",3436.24417253415,3525.63983424192,92.9826673063758,0.0291195727903317
71,70,71,658.72,662.51,1,FALSE,TRUE,FALSE,"anchor_confidence_below_60",3525.63983424192,3572.55699511761,44.6992493558821,0.0150000000017493
72,71,72,662.51,671.11,1,FALSE,TRUE,FALSE,"anchor_confidence_below_60",3572.55699511761,3613.69448764701,34.387897817936,0.0103954957552408
73,72,73,671.11,733.86,1,TRUE,TRUE,TRUE,"supported_v4_model",3613.69448764701,3615.37710155891,0,
74,73,74,733.86,735.07,1,FALSE,TRUE,FALSE,"path_obd_distance_disagreement",3615.37710155891,3617.89536721775,4.284663253566,0
75,74,75,735.07,737.64,1,FALSE,TRUE,TRUE,"supported_v4_model",3617.89536721775,3630.78981141212,12.8021507951679,0.000317066297901385
76,75,76,737.64,740.85,1,FALSE,TRUE,FALSE,"anchor_confidence_below_60",3630.78981141212,3659.33975266965,28.7942527173209,0.0393766896453411
77,76,77,740.85,743.89,1,FALSE,TRUE,FALSE,"anchor_confidence_below_60;path_obd_distance_disagreement",3659.33975266965,3699.24117002058,60.5295217230793,0.00782000000105687
78,77,78,743.89,747.28,1,FALSE,TRUE,FALSE,"anchor_confidence_below_60",3699.24117002058,3752.43379867699,43.7475805741075,0.016649124781143
79,78,79,747.28,750.66,1,FALSE,TRUE,FALSE,"anchor_confidence_below_60",3752.43379867699,3810.17151807132,58.4897239380064,0.0210217833881406
80,79,80,750.66,754.15,1,FALSE,TRUE,FALSE,"anchor_confidence_below_60",3810.17151807132,3872.26810098608,60.8496090501234,0.0144755433823582
81,80,81,754.15,762.11,1,FALSE,TRUE,FALSE,"anchor_confidence_below_60",3872.26810098608,4009.66300623011,135.261666949433,0.0809658304225715
82,81,82,762.11,763.75,1,FALSE,TRUE,TRUE,"supported_v4_model",4009.66300623011,4037.40845440599,28.5174695089328,0.00745419432284745
83,82,83,763.75,790.81,1,FALSE,TRUE,TRUE,"supported_v4_model",4037.40845440599,4420.38158728349,371.912101385415,0.0205451869431904
84,83,84,790.81,794.45,1,FALSE,TRUE,FALSE,"path_obd_distance_disagreement",4420.38158728349,4453.77040143262,44.3633407376079,0.00739047619136716
85,84,85,794.45,838.77,1,FALSE,TRUE,TRUE,"supported_v4_model",4453.77040143262,5051.27597408902,584.484153096531,0.0211774972026102
86,85,86,838.77,846.81,1,TRUE,TRUE,TRUE,"supported_v4_model",5051.27597408902,5053.08089811332,0,
87,86,87,846.81,849.53,1,FALSE,TRUE,TRUE,"supported_v4_model",5053.08089811332,5060.08167853204,6.7614907309811,0.0184962761085834
88,87,88,849.53,852.23,1,FALSE,TRUE,TRUE,"supported_v4_model",5060.08167853204,5079.02687599103,23.2276216184346,0.0103486275507233
89,88,89,852.23,860.79,1,FALSE,TRUE,TRUE,"supported_v4_model",5079.02687599103,5179.37734239453,98.5227596486392,0.015360000018145
90,89,90,860.79,862.35,1,FALSE,TRUE,TRUE,"supported_v4_model",5179.37734239453,5200.57776735453,23.5662078294918,0.0240270008243867
91,90,91,862.35,873.16,1,FALSE,TRUE,TRUE,"supported_v4_model",5200.57776735453,5293.51101299062,87.9969619960108,0.023200000009317
92,91,92,873.16,884.37,1,TRUE,TRUE,TRUE,"supported_v4_model",5293.51101299062,5295.28068782101,0,
93,92,93,884.37,887.03,1,FALSE,TRUE,TRUE,"supported_v4_model",5295.28068782101,5300.93344151914,5.91825000899596,0.0109422876189255
94,93,94,887.03,891.45,1,FALSE,TRUE,TRUE,"supported_v4_model",5300.93344151914,5333.89171141446,38.99893993433,0.0078631151490915
95,94,95,891.45,899.41,1,FALSE,TRUE,TRUE,"supported_v4_model",5333.89171141446,5428.28496737619,88.9468338479353,0.0147714285734607
96,95,96,899.41,900.82,1,FALSE,TRUE,FALSE,"path_obd_distance_disagreement",5428.28496737619,5447.24733131063,25.8133239541255,0.0207090308540362
97,96,97,900.82,919.72,1,FALSE,TRUE,TRUE,"supported_v4_model",5447.24733131063,5677.44121385021,221.535027278115,0.0171142857155116
98,97,98,919.72,922.74,1,FALSE,TRUE,TRUE,"supported_v4_model",5677.44121385021,5701.75706055252,27.7845151676588,0.0223878448300907
99,98,99,922.74,936.35,1,FALSE,TRUE,TRUE,"supported_v4_model",5701.75706055252,5797.79169081412,92.355928421885,0.0239632791814718
100,99,100,936.35,940.03,1,FALSE,TRUE,TRUE,"supported_v4_model",5797.79169081412,5820.09420356934,26.8654961028103,0.00992000001416385
101,100,101,940.03,954.72,1,FALSE,TRUE,FALSE,"elevation_grade_needs_review",5820.09420356934,5992.25149808585,175.013467717784,0.170352531715303
102,101,102,954.72,956.17,1,FALSE,TRUE,TRUE,"supported_v4_model",5992.25149808585,6009.64180115739,19.4753844046033,0.00145441881047408
103,102,103,956.17,960.01,1,FALSE,TRUE,TRUE,"supported_v4_model",6009.64180115739,6050.00374630469,35.5381721566583,0.0116000000086523
104,103,104,960.01,965.54,1,FALSE,TRUE,TRUE,"supported_v4_model",6050.00374630469,6081.14213881441,30.1032558495893,0.068717154435062
105,104,105,965.54,967.88,1,FALSE,TRUE,FALSE,"path_obd_distance_disagreement",6081.14213881441,6089.21197085694,10.902374473265,0.00958914735810219
106,105,106,967.88,982.74,1,FALSE,TRUE,TRUE,"supported_v4_model",6089.21197085694,6175.59096176787,86.6291606103311,0.00972133091542803
107,106,107,982.74,1021.13,1,TRUE,TRUE,TRUE,"supported_v4_model",6175.59096176787,6177.52541558357,0,
108,107,108,1021.13,1023.75,1,FALSE,TRUE,TRUE,"supported_v4_model",6177.52541558357,6184.20510957364,7.67097326720025,0.000567457553603552
109,108,109,1023.75,1026.55,1,FALSE,TRUE,TRUE,"supported_v4_model",6184.20510957364,6202.49816524382,20.1751721187435,0.0672649516870734
110,109,110,1026.55,1037.8,1,FALSE,TRUE,TRUE,"supported_v4_model",6202.49816524382,6305.27129083121,103.944079761324,0.0115000000910307
111,110,111,1037.8,1041.22,1,FALSE,TRUE,TRUE,"supported_v4_model",6305.27129083121,6320.8839238841,12.0422868536299,0.00891358942652389
112,111,112,1041.22,1046.06,1,FALSE,TRUE,FALSE,"path_obd_distance_disagreement",6320.8839238841,6337.79008258747,11.4976629966621,0.0176809860783864
113,112,113,1046.06,1051.07,1,FALSE,TRUE,FALSE,"path_obd_distance_disagreement",6337.79008258747,6355.82345265852,25.9868224610494,0.0179361835371751
114,113,114,1051.07,1057.07,1,FALSE,TRUE,FALSE,"anchor_confidence_below_60;path_obd_distance_disagreement",6355.82345265852,6379.91758997481,30.9433825715069,0.00219686689487146
115,114,115,1057.07,1058.43,1,FALSE,TRUE,FALSE,"anchor_confidence_below_60",6379.91758997481,6385.92768513419,7.04929349032358,0.0122194473937497
116,115,116,1058.43,1066.81,1,FALSE,TRUE,TRUE,"supported_v4_model",6385.92768513419,6420.67132103634,30.573208256,0.0202422232577049
117,116,117,1066.81,1075.28,1,FALSE,TRUE,FALSE,"anchor_confidence_below_60",6420.67132103634,6462.80676327645,37.8812486878431,0.00461774170087302
118,117,118,1075.28,1080.63,1,FALSE,TRUE,FALSE,"anchor_confidence_below_60",6462.80676327645,6483.11051538347,24.0884982671452,0.0130079548288429
119,118,119,1080.63,1085.33,1,TRUE,TRUE,FALSE,"coincident_anchors_without_held_stop;anchor_confidence_below_60",6483.11051538347,6497.31252907994,0,
120,119,120,1085.33,1086.37,1,TRUE,TRUE,FALSE,"anchor_confidence_below_60",6497.31252907994,6498.61062952509,0,
121,120,121,1086.37,1091.06,1,FALSE,TRUE,FALSE,"anchor_confidence_below_60;path_obd_distance_disagreement",6498.61062952509,6510.9117567993,26.37586637199,0.0111807913813586
122,121,122,1091.06,1108.03,1,FALSE,TRUE,FALSE,"anchor_confidence_below_60",6510.9117567993,6606.3801188285,92.6344598992953,0.0167815554456766
123,122,123,1108.03,1328.54,2,TRUE,TRUE,TRUE,"supported_v4_model",6606.3801188285,6608.36086369128,0,
124,123,124,1328.54,1337.03,2,FALSE,TRUE,FALSE,"path_obd_distance_disagreement",6608.36086369128,6625.42558755825,23.0569479463961,0.0154600000102814
125,124,125,1337.03,1357.74,2,FALSE,TRUE,TRUE,"supported_v4_model",6625.42558755825,6707.06850259517,79.3969767463716,0.0266571428577953
126,125,126,1357.74,1359.54,2,FALSE,TRUE,FALSE,"path_obd_distance_disagreement",6707.06850259517,6708.59737939517,0.72162009138673,4.08387362205859e-13
127,126,127,1359.54,1361.01,2,TRUE,TRUE,TRUE,"supported_v4_model",6708.59737939517,6710.2114173561,0,
128,127,128,1361.01,1361.86,2,FALSE,TRUE,FALSE,"path_obd_distance_disagreement",6710.2114173561,6711.15775095844,5.40204498310617,0.0191434302333538
129,128,129,1361.86,1364.72,2,FALSE,TRUE,FALSE,"path_obd_distance_disagreement",6711.15775095844,6714.08801412615,0.48165682985947,2.36032857158458e-13
130,129,130,1364.72,1366.67,2,FALSE,TRUE,FALSE,"path_obd_distance_disagreement",6714.08801412615,6719.27352160783,6.53566673073363,0.0141517908561362
131,130,131,1366.67,1385.92,2,FALSE,TRUE,TRUE,"supported_v4_model",6719.27352160783,6828.79429832224,108.670700558233,0.0126400000054809
132,131,132,1385.92,1387.69,2,TRUE,TRUE,TRUE,"supported_v4_model",6828.79429832224,6830.29769384224,0,
133,132,133,1387.69,1391.19,2,FALSE,TRUE,TRUE,"supported_v4_model",6830.29769384224,6836.59112302725,5.89214961249823,0.000703450708986241
134,133,134,1391.19,1394.42,2,FALSE,TRUE,FALSE,"path_obd_distance_disagreement",6836.59112302725,6851.20756518501,20.1596397250018,0.0325603613363229
135,134,135,1394.42,1425.21,2,FALSE,TRUE,TRUE,"supported_v4_model",6851.20756518501,7100.99686491581,246.825028275578,0.00680000000071908
136,135,136,1425.21,1489.01,2,TRUE,TRUE,TRUE,"supported_v4_model",7100.99686491581,7102.80815925201,0,
137,136,137,1489.01,1492.36,2,FALSE,TRUE,TRUE,"supported_v4_model",7102.80815925201,7109.76841832435,7.92014366153652,0.00567296754824948
138,137,138,1492.36,1497.1,2,FALSE,TRUE,TRUE,"supported_v4_model",7109.76841832435,7140.90287411841,35.5699677953201,0.0254307311220192
139,138,139,1497.1,1505.79,2,FALSE,TRUE,TRUE,"supported_v4_model",7140.90287411841,7225.8133164173,86.3041256947705,0.029376866800098
140,139,140,1505.79,1507.45,2,FALSE,TRUE,TRUE,"supported_v4_model",7225.8133164173,7244.2912677773,19.044779439432,0.0147515100637938
141,140,141,1507.45,1522.14,2,FALSE,TRUE,TRUE,"supported_v4_model",7244.2912677773,7348.49358726346,94.9507481300694,0.00537142857201848
142,141,142,1522.14,1566.5,2,TRUE,TRUE,TRUE,"supported_v4_model",7348.49358726346,7350.04284911662,0,
143,142,143,1566.5,1569.32,2,FALSE,TRUE,FALSE,"path_obd_distance_disagreement",7350.04284911662,7355.55348886052,8.03544718950108,0.00369494620005002
144,143,144,1569.32,1572.37,2,FALSE,TRUE,TRUE,"supported_v4_model",7355.55348886052,7372.4361109652,19.6303763034476,0.0141949318982093
145,144,145,1572.37,1588.15,2,FALSE,TRUE,TRUE,"supported_v4_model",7372.4361109652,7473.63213109625,94.6168291263953,0.00873672573001375
146,145,146,1588.15,1604.49,2,TRUE,TRUE,TRUE,"supported_v4_model",7473.63213109625,7475.07607025574,0,
147,146,147,1604.49,1607.13,2,FALSE,TRUE,FALSE,"path_obd_distance_disagreement",7475.07607025574,7479.73281890316,7.47321648741782,0.00640974618022637
148,147,148,1607.13,1610.57,2,FALSE,TRUE,TRUE,"supported_v4_model",7479.73281890316,7498.96452437451,19.8095583133324,0.00559255706111974
149,148,149,1610.57,1630.2,2,FALSE,TRUE,TRUE,"supported_v4_model",7498.96452437451,7609.31114026105,106.526294401206,0.00853046508999662
150,149,150,1630.2,1632.66,2,FALSE,TRUE,TRUE,"supported_v4_model",7609.31114026105,7627.80069227464,16.4890649227029,0.00143519819805228
151,150,151,1632.66,1642.7,2,FALSE,TRUE,TRUE,"supported_v4_model",7627.80069227464,7728.86168402286,106.58151847104,0.0102328074609544
152,151,152,1642.7,1645.24,2,FALSE,TRUE,TRUE,"supported_v4_model",7728.86168402286,7754.668498535,21.1059355455383,0.0246628444541092
153,152,153,1645.24,1659.36,2,FALSE,TRUE,TRUE,"supported_v4_model",7754.668498535,7834.98596247176,83.9104905758159,0.00460678875913517
154,153,154,1659.36,1661.23,2,TRUE,TRUE,TRUE,"supported_v4_model",7834.98596247176,7836.57429559176,0,
155,154,155,1661.23,1666.74,2,FALSE,TRUE,TRUE,"supported_v4_model",7836.57429559176,7855.09587793846,17.485219008147,0.00873496267541187
156,155,156,1666.74,1669.04,2,FALSE,TRUE,TRUE,"supported_v4_model",7855.09587793846,7871.61352039275,20.4073462902778,0.00832704246133084
157,156,157,1669.04,1685.6,2,FALSE,TRUE,TRUE,"supported_v4_model",7871.61352039275,7974.68875639224,101.38923077688,0.00565714286200688
158,157,158,1685.6,1688.08,2,FALSE,TRUE,TRUE,"supported_v4_model",7974.68875639224,7995.01519574281,20.9925784188904,0.0320624506656156
159,158,159,1688.08,1696.8,2,FALSE,TRUE,TRUE,"supported_v4_model",7995.01519574281,8091.00991314314,101.245107384484,0.0154261942871771
160,159,160,1696.8,1698.81,2,FALSE,TRUE,FALSE,"path_obd_distance_disagreement",8091.00991314314,8114.8630880803,17.5780420136677,0.00226131895199231
161,160,161,1698.81,1699.46,2,FALSE,TRUE,TRUE,"supported_v4_model",8114.8630880803,8122.4471216803,8.63072282872784,0.00665394760754992
162,161,162,1699.46,1705.07,2,FALSE,TRUE,TRUE,"supported_v4_model",8122.4471216803,8184.22901081996,56.8934995065318,0.00417142857265803
163,162,163,1705.07,1712.67,2,FALSE,TRUE,TRUE,"supported_v4_model",8184.22901081996,8226.46785345456,43.6121864784164,0.006120000001992
164,163,164,1712.67,1714.44,2,FALSE,TRUE,FALSE,"path_obd_distance_disagreement",8226.46785345456,8232.51617057914,8.22412978538804,0.00590425060133659
165,164,165,1714.44,1731.57,2,FALSE,TRUE,TRUE,"supported_v4_model",8232.51617057914,8331.3218006761,95.4611269469273,0.0210407714865247
166,165,166,1731.57,1762.09,2,TRUE,TRUE,TRUE,"supported_v4_model",8331.3218006761,8333.0290464118,0,
167,166,167,1762.09,1764.99,2,FALSE,TRUE,TRUE,"supported_v4_model",8333.0290464118,8339.05825253886,5.91518126991129,0.0107672830687397
168,167,168,1764.99,1766.93,2,FALSE,TRUE,FALSE,"anchor_confidence_below_60;path_obd_distance_disagreement",8339.05825253886,8350.25428000725,14.4865642065514,0.0170669191992217
169,168,169,1766.93,1768.34,2,FALSE,TRUE,FALSE,"anchor_confidence_below_60",8350.25428000725,8361.51548578175,12.3531497610701,0.00361840430276823
170,169,170,1768.34,1769.4,2,FALSE,TRUE,FALSE,"path_obd_distance_disagreement",8361.51548578175,8371.18004351361,6.70896067521117,0.00128439410378317
171,170,171,1769.4,1773.25,2,FALSE,TRUE,TRUE,"supported_v4_model",8371.18004351361,8410.28616395395,44.5038362074595,0.0115600000028134
172,171,172,1773.25,1777.61,2,FALSE,TRUE,TRUE,"supported_v4_model",8410.28616395395,8458.65146625002,50.1916818121317,0.00602857143697931
173,172,173,1777.61,1779.97,2,FALSE,TRUE,TRUE,"supported_v4_model",8458.65146625002,8484.92132481002,24.0734291783976,0.00874000000543394
174,173,174,1779.97,1789.25,2,FALSE,TRUE,TRUE,"supported_v4_model",8484.92132481002,8586.60895476184,96.5990545739023,0.0123329951803812
175,174,175,1789.25,1790.82,2,FALSE,TRUE,TRUE,"supported_v4_model",8586.60895476184,8605.29933949863,22.9082595085581,0.0115400000002177
176,175,176,1790.82,1802.68,2,FALSE,TRUE,FALSE,"anchor_confidence_below_60;construction_or_occluded_lane_uncertainty",8605.29933949863,8755.50287952577,153.992570326222,0.0169614733932598
177,176,177,1802.68,1804.26,2,FALSE,TRUE,FALSE,"anchor_confidence_below_60;construction_or_occluded_lane_uncertainty",8755.50287952577,8776.8619590302,24.4663645749076,0.024462088408411
178,177,178,1804.26,1806.89,2,FALSE,TRUE,FALSE,"anchor_confidence_below_60",8776.8619590302,8813.58904431623,29.917216093508,0.0139957666023533
179,178,179,1806.89,1818.4,2,FALSE,TRUE,FALSE,"anchor_confidence_below_60",8813.58904431623,8972.51951508441,164.394499572331,0.0351706763750511
180,179,180,1818.4,1819.93,2,FALSE,TRUE,TRUE,"supported_v4_model",8972.51951508441,8992.31069650495,17.4125985364788,0.027072938204574
181,180,181,1819.93,1849.52,2,FALSE,TRUE,FALSE,"flagged_v4_geometry;elevation_grade_needs_review",8992.31069650495,9327.01792639133,330.10840127727,0.351488836411662
182,181,182,1849.52,1855.2,2,FALSE,TRUE,FALSE,"flagged_v4_geometry",9327.01792639133,9372.33001254793,45.9301088361473,0.0203618885254695
183,182,183,1855.2,1882.36,2,FALSE,TRUE,FALSE,"anchor_confidence_below_60;construction_or_occluded_lane_uncertainty",9372.33001254793,9785.12118290363,423.219701106865,0.0143642857145861
184,183,184,1882.36,1888.31,2,FALSE,TRUE,FALSE,"anchor_confidence_below_60",9785.12118290363,9870.5835855755,82.5778967049551,0.0095714285716062
185,184,185,1888.31,1892.24,2,FALSE,TRUE,TRUE,"supported_v4_model",9870.5835855755,9915.03414085467,42.7201268281472,0.00822223723990759
186,185,186,1892.24,1898.44,2,FALSE,TRUE,FALSE,"path_obd_distance_disagreement",9915.03414085467,9945.14330849789,20.8131411394054,0.0169301709924427
187,186,187,1898.44,1900.96,2,TRUE,TRUE,TRUE,"supported_v4_model",9945.14330849789,9946.73249102548,0,
188,187,188,1900.96,1903.69,2,FALSE,TRUE,FALSE,"path_obd_distance_disagreement",9946.73249102548,9951.72042923829,3.41531022179268,0.00527045826913672
189,188,189,1903.69,1905.89,2,FALSE,TRUE,FALSE,"path_obd_distance_disagreement",9951.72042923829,9965.09873418987,23.0128198385399,0.00768000000316907
190,189,190,1905.89,1914.4,2,FALSE,TRUE,FALSE,"anchor_confidence_below_60",9965.09873418987,10061.5748094804,93.2437201077328,0.0313142857175833
191,190,191,1914.4,1918.8,2,FALSE,TRUE,FALSE,"anchor_confidence_below_60",10061.5748094804,10126.0224875768,75.905396178784,0.0171267243376091
192,191,192,1918.8,1923.29,2,FALSE,TRUE,FALSE,"anchor_confidence_below_60",10126.0224875768,10183.1263936528,46.7970711137604,0.0112203139803469
193,192,193,1923.29,1928.39,2,FALSE,TRUE,FALSE,"anchor_confidence_below_60",10183.1263936528,10227.6326454805,41.352491705387,0.0114416082741913
194,193,194,1928.39,1929.9,2,FALSE,TRUE,TRUE,"supported_v4_model",10227.6326454805,10237.4584505821,11.9749740460132,0.000380839982759465
195,194,195,1929.9,1933.93,2,FALSE,TRUE,FALSE,"anchor_confidence_below_60",10237.4584505821,10267.694827986,35.5354426293991,0.0422293518145318
196,195,196,1933.93,1935.7,2,FALSE,TRUE,FALSE,"anchor_confidence_below_60",10267.694827986,10285.9476564204,14.9575153569965,6.44915892995107e-05
197,196,197,1935.7,1939.41,2,FALSE,TRUE,TRUE,"supported_v4_model",10285.9476564204,10334.2270536116,50.8475631725321,0.0256328579504749
198,197,198,1939.41,1940.71,2,FALSE,TRUE,FALSE,"anchor_confidence_below_60",10334.2270536116,10353.6529979989,17.8905575723065,0.0316306092074804
199,198,199,1940.71,1942.46,2,FALSE,TRUE,FALSE,"anchor_confidence_below_60",10353.6529979989,10381.0215020844,33.435314713444,0.0257247214497933
200,199,200,1942.46,1945.62,2,FALSE,TRUE,TRUE,"supported_v4_model",10381.0215020844,10434.1807272591,50.9249656012974,0.0267433818041656
201,200,201,1945.62,1957.87,2,FALSE,TRUE,TRUE,"supported_v4_model",10434.1807272591,10625.2661423143,184.073328767747,0.0372571428579006
202,201,202,1957.87,1959.51,2,FALSE,TRUE,TRUE,"supported_v4_model",10625.2661423143,10650.844653522,27.8862171390468,0.00384000000541805
203,202,203,1959.51,1986.14,2,FALSE,TRUE,TRUE,"supported_v4_model",10650.844653522,11022.283215617,364.727587260916,0.0205451869432951
204,203,204,1986.14,2015.76,2,TRUE,TRUE,TRUE,"supported_v4_model",11022.283215617,11024.1981337629,0,
205,204,205,2015.76,2018.35,2,FALSE,TRUE,TRUE,"supported_v4_model",11024.1981337629,11031.1373793046,6.65113045515109,0.00501904552950151
206,205,206,2018.35,2023.08,2,FALSE,TRUE,TRUE,"supported_v4_model",11031.1373793046,11070.038397799,46.3609219282471,0.00729353887685153
207,206,207,2023.08,2067.84,2,FALSE,TRUE,TRUE,"supported_v4_model",11070.038397799,11659.3792316477,583.82804899795,0.0211774972008175
208,207,208,2067.84,2081.27,2,TRUE,TRUE,TRUE,"supported_v4_model",11659.3792316477,11661.1463584659,0,
209,208,209,2081.27,2083.94,2,FALSE,TRUE,TRUE,"supported_v4_model",11661.1463584659,11668.8617994359,6.19461897710848,0.0199773042013266
210,209,210,2083.94,2086.48,2,FALSE,TRUE,FALSE,"path_obd_distance_disagreement",11668.8617994359,11686.6411837241,23.7360547236534,0.00974677907308751
211,210,211,2086.48,2099.04,2,FALSE,TRUE,TRUE,"supported_v4_model",11686.6411837241,11783.9381655974,92.1241831884729,0.0153600000017549
212,211,212,2099.04,2111.26,2,TRUE,TRUE,TRUE,"supported_v4_model",11783.9381655974,11785.5880784815,0,
213,212,213,2111.26,2114.32,2,FALSE,TRUE,TRUE,"supported_v4_model",11785.5880784815,11791.9637181755,6.17227065605299,0.010917890197766
214,213,214,2114.32,2117.46,2,FALSE,TRUE,TRUE,"supported_v4_model",11791.9637181755,11812.4026479992,23.3945113771208,0.0244636790113955
215,214,215,2117.46,2130.4,2,FALSE,TRUE,TRUE,"supported_v4_model",11812.4026479992,11904.7192089543,87.6182798584212,0.0232000000013165
216,215,216,2130.4,2159.32,2,TRUE,TRUE,TRUE,"supported_v4_model",11904.7192089543,11906.5181872672,0,
217,216,217,2159.32,2161.66,2,FALSE,TRUE,FALSE,"path_obd_distance_disagreement",11906.5181872672,11911.3694653334,6.52344910302687,0.00145626839585545
218,217,218,2161.66,2166.68,2,FALSE,TRUE,TRUE,"supported_v4_model",11911.3694653334,11948.7392823638,39.5641942356462,0.00744640954066279
219,218,219,2166.68,2178.69,2,FALSE,TRUE,TRUE,"supported_v4_model",11948.7392823638,12035.9751597809,81.451110514466,0.0147714285729018
220,219,220,2178.69,2182.18,2,TRUE,TRUE,TRUE,"supported_v4_model",12035.9751597809,12037.6187023814,0,
221,220,221,2182.18,2184.52,2,FALSE,TRUE,FALSE,"path_obd_distance_disagreement",12037.6187023814,12042.6004043187,6.5908824962849,0.00326640465449688
222,221,222,2184.52,2187.76,2,FALSE,TRUE,TRUE,"supported_v4_model",12042.6004043187,12064.5930511858,25.5395623816,0.0277015738794867
223,222,223,2187.76,2205.03,2,FALSE,TRUE,TRUE,"supported_v4_model",12064.5930511858,12285.0378852764,222.542263827635,0.0198706458628344
224,223,224,2205.03,2206.92,2,FALSE,TRUE,TRUE,"supported_v4_model",12285.0378852764,12310.0063752686,26.5486120626131,0.0231333609595241
225,224,225,2206.92,2219.65,2,FALSE,TRUE,TRUE,"supported_v4_model",12310.0063752686,12409.2252083983,93.5465429046031,0.0204421390095945
226,225,226,2219.65,2224.55,2,FALSE,TRUE,TRUE,"supported_v4_model",12409.2252083983,12436.1209317228,31.1595526783333,0.0134274782581722
227,226,227,2224.55,2238.79,2,FALSE,TRUE,FALSE,"anchor_confidence_below_60",12436.1209317228,12606.3635537309,173.42909023254,0.00914000002820659
228,227,228,2238.79,2239.93,2,FALSE,TRUE,FALSE,"anchor_confidence_below_60",12606.3635537309,12620.4687820101,11.4340415139804,0.001428002602181
229,228,229,2239.93,2242.91,2,FALSE,TRUE,TRUE,"supported_v4_model",12620.4687820101,12652.6345406915,33.1110447915258,0.00999238103312143
230,229,230,2242.91,2250.52,2,FALSE,TRUE,TRUE,"supported_v4_model",12652.6345406915,12692.5301337254,31.3782106582506,0.010856369958267
231,230,231,2250.52,2259.4,2,TRUE,TRUE,TRUE,"supported_v4_model",12692.5301337254,12693.9855394439,0,
232,231,232,2259.4,2262.13,2,FALSE,TRUE,FALSE,"path_obd_distance_disagreement",12693.9855394439,12698.6293016289,5.82417305015867,0.00263902471921869
233,232,233,2262.13,2263.47,2,FALSE,TRUE,FALSE,"path_obd_distance_disagreement",12698.6293016289,12702.99132936,11.0565941776384,0.00948448580246697
234,233,234,2263.47,2279.26,2,FALSE,TRUE,TRUE,"supported_v4_model",12702.99132936,12793.1283941603,87.9800270692974,0.00972133091824833
235,234,235,2279.26,2318.71,2,TRUE,TRUE,TRUE,"supported_v4_model",12793.1283941603,12795.6660390758,0,
236,235,236,2318.71,2320.22,2,FALSE,TRUE,FALSE,"path_obd_distance_disagreement",12795.6660390758,12800.7971418823,6.65158774900227,0.000245820756901296
237,236,237,2320.22,2322.73,2,FALSE,TRUE,FALSE,"path_obd_distance_disagreement",12800.7971418823,12817.214931726,22.1486254716425,0.0102601740373799
238,237,238,2322.73,2334.33,2,FALSE,TRUE,TRUE,"supported_v4_model",12817.214931726,12925.86534373,102.795968273477,0.0115000001636016
239,238,239,2334.33,2336.85,2,FALSE,TRUE,TRUE,"supported_v4_model",12925.86534373,12937.1744722176,10.3083597034929,0.00832650528352872
240,239,240,2336.85,2341.45,2,FALSE,TRUE,TRUE,"supported_v4_model",12937.1744722176,12953.8991774487,17.671283951213,0.0217222516071221
241,240,241,2341.45,2346.15,2,FALSE,TRUE,TRUE,"supported_v4_model",12953.8991774487,12973.2062538802,19.958189718351,0.00830379613867574
242,241,242,2346.15,2353.98,2,FALSE,TRUE,TRUE,"supported_v4_model",12973.2062538802,13004.6999924318,34.0047230983222,0.00673604786419646
243,242,243,2353.98,2362,2,FALSE,TRUE,TRUE,"supported_v4_model",13004.6999924318,13035.9727710205,25.565944573786,0.0119743802570783
244,243,244,2362,2371.39,2,FALSE,TRUE,TRUE,"supported_v4_model",13035.9727710205,13078.2993676102,44.1347498137207,0.00766000000359431
245,244,245,2371.39,2376.5,2,FALSE,TRUE,TRUE,"supported_v4_model",13078.2993676102,13100.8043223473,26.1307707725214,0.0160515783777208
246,245,246,2376.5,2377.88,2,FALSE,TRUE,TRUE,"supported_v4_model",13100.8043223473,13106.4354170074,6.45416918304424,0.0294280682170669
247,246,247,2377.88,2381.71,2,FALSE,TRUE,FALSE,"path_obd_distance_disagreement",13106.4354170074,13115.6477526873,1.62001540867793,0
248,247,248,2381.71,2383.11,2,TRUE,TRUE,TRUE,"supported_v4_model",13115.6477526873,13116.8393342725,0,
249,248,249,2383.11,2389.08,2,FALSE,TRUE,TRUE,"supported_v4_model",13116.8393342725,13131.5331814116,14.5470228400722,0.00736538334175947
250,249,250,2389.08,2407.62,2,FALSE,TRUE,TRUE,"supported_v4_model",13131.5331814116,13224.7607358067,94.4360476833397,0.0195440590616885
251,250,251,2407.62,2591.32,3,TRUE,TRUE,TRUE,"supported_v4_model",13224.7607358067,13226.3779476913,0,
252,251,252,2591.32,2599.84,3,FALSE,TRUE,FALSE,"path_obd_distance_disagreement",13226.3779476913,13242.9498546592,20.9208426808877,0.0154600000029337
253,252,253,2599.84,2605.96,3,FALSE,TRUE,TRUE,"supported_v4_model",13242.9498546592,13264.6564974622,22.6524490041628,0.0154400000051477
254,253,254,2605.96,2609.98,3,FALSE,TRUE,TRUE,"supported_v4_model",13264.6564974622,13274.0322107133,8.26264904647197,0.00244282982890215
255,254,255,2609.98,2621.45,3,FALSE,TRUE,TRUE,"supported_v4_model",13274.0322107133,13324.9837735797,49.0963375075801,0.04040000000304
256,255,256,2621.45,2624.46,3,TRUE,TRUE,TRUE,"supported_v4_model",13324.9837735797,13327.0311944495,0,
257,256,257,2624.46,2629.13,3,FALSE,TRUE,TRUE,"supported_v4_model",13327.0311944495,13330.9859784798,4.59769369577615,0.0217551816668911
258,257,258,2629.13,2632.91,3,FALSE,TRUE,TRUE,"supported_v4_model",13330.9859784798,13338.5841608809,7.52565967268432,0.011943663560044
259,258,259,2632.91,2650.8,3,FALSE,TRUE,TRUE,"supported_v4_model",13338.5841608809,13448.3587444541,108.557194327958,0.0126400000025164
260,259,260,2650.8,2652.22,3,TRUE,TRUE,TRUE,"supported_v4_model",13448.3587444541,13449.6742937346,0,
261,260,261,2652.22,2653.4,3,FALSE,TRUE,FALSE,"path_obd_distance_disagreement",13449.6742937346,13452.2664998775,6.57049117083789,0.000713509333032037
262,261,262,2653.4,2657.24,3,FALSE,TRUE,TRUE,"supported_v4_model",13452.2664998775,13469.7974640527,19.5056230272271,0.00586692817083826
263,262,263,2657.24,2686.82,3,FALSE,TRUE,TRUE,"supported_v4_model",13469.7974640527,13713.2036361066,243.085004267813,0.00810284557969417
264,263,264,2686.82,2696.54,3,TRUE,TRUE,TRUE,"supported_v4_model",13713.2036361066,13714.92192374,0,
265,264,265,2696.54,2700.58,3,FALSE,TRUE,TRUE,"supported_v4_model",13714.92192374,13726.3921700681,11.4050147361745,0.000585428403737389
266,265,266,2700.58,2704.54,3,FALSE,TRUE,TRUE,"supported_v4_model",13726.3921700681,13757.1115247715,35.710332024385,0.0427344255869139
267,266,267,2704.54,2728.08,3,FALSE,TRUE,TRUE,"supported_v4_model",13757.1115247715,13964.9587270353,201.122252779751,0.0274285714292637
268,267,268,2728.08,2766.36,3,TRUE,TRUE,TRUE,"supported_v4_model",13964.9587270353,13966.437915332,0,
269,268,269,2766.36,2769.01,3,FALSE,TRUE,FALSE,"path_obd_distance_disagreement",13966.437915332,13971.5873914034,6.95811520602618,0.00433439815949414
270,269,270,2769.01,2771.79,3,FALSE,TRUE,TRUE,"supported_v4_model",13971.5873914034,13988.7360693264,20.200841100213,0.0562779491755309
271,270,271,2771.79,2785.21,3,FALSE,TRUE,TRUE,"supported_v4_model",13988.7360693264,14090.4926328528,95.2908448020506,0.0357899389725725
272,271,272,2785.21,2804.57,3,TRUE,TRUE,TRUE,"supported_v4_model",14090.4926328528,14092.2406486057,0,
273,272,273,2804.57,2806.45,3,FALSE,TRUE,FALSE,"path_obd_distance_disagreement",14092.2406486057,14096.5280751494,6.67650227418949,0.0056205202074023
274,273,274,2806.45,2809.25,3,FALSE,TRUE,TRUE,"supported_v4_model",14096.5280751494,14112.8697788372,19.6424595136575,0.00569703303403743
275,274,275,2809.25,2823.47,3,FALSE,TRUE,TRUE,"supported_v4_model",14112.8697788372,14209.1767459174,88.9915320474975,0.00392000015679771
276,275,276,2823.47,2825.35,3,TRUE,TRUE,TRUE,"supported_v4_model",14209.1767459174,14210.5072934425,0,
277,276,277,2825.35,2830.01,3,FALSE,TRUE,TRUE,"supported_v4_model",14210.5072934425,14227.6299089306,17.6020818103057,0.00538495819707533
278,277,278,2830.01,2831.49,3,FALSE,TRUE,FALSE,"path_obd_distance_disagreement",14227.6299089306,14239.1040622487,16.8149234714436,0.00137797624272017
279,278,279,2831.49,2841.64,3,FALSE,TRUE,TRUE,"supported_v4_model",14239.1040622487,14347.225112006,106.3913590744,0.0106270854685002
280,279,280,2841.64,2843.22,3,FALSE,TRUE,TRUE,"supported_v4_model",14347.225112006,14364.6124198576,20.7933200005117,0.0300985130625328
281,280,281,2843.22,2857.22,3,FALSE,TRUE,TRUE,"supported_v4_model",14364.6124198576,14457.1622169072,83.2875983394499,0.00485129705236515
282,281,282,2857.22,2860.68,3,TRUE,TRUE,TRUE,"supported_v4_model",14457.1622169072,14458.2303072353,0,
283,282,283,2860.68,2865.87,3,FALSE,TRUE,FALSE,"path_obd_distance_disagreement",14458.2303072353,14472.7061106887,18.1065666393492,0.00951662906450249
284,283,284,2865.87,2868.55,3,FALSE,TRUE,TRUE,"supported_v4_model",14472.7061106887,14492.7939202063,21.0593293640823,0.00577557674688069
285,284,285,2868.55,2881.36,3,FALSE,TRUE,TRUE,"supported_v4_model",14492.7939202063,14595.906266678,100.426191711571,0.00755511372983111
286,285,286,2881.36,2883.53,3,FALSE,TRUE,FALSE,"path_obd_distance_disagreement",14595.906266678,14613.2987154596,21.7850467011843,0.0246247315780541
287,286,287,2883.53,2892.32,3,FALSE,TRUE,TRUE,"supported_v4_model",14613.2987154596,14709.3830540093,100.560011924723,0.0283370256569175
288,287,288,2892.32,2894.12,3,FALSE,TRUE,TRUE,"supported_v4_model",14709.3830540093,14730.6474531018,20.389644098072,0.0122034707006858
289,288,289,2894.12,2894.7,3,FALSE,TRUE,TRUE,"supported_v4_model",14730.6474531018,14737.4147446218,6.27716571630265,1.13463108468099e-12
290,289,290,2894.7,2896.17,3,FALSE,TRUE,FALSE,"path_obd_distance_disagreement",14737.4147446218,14754.5663283018,10.6844178761089,0.00240919589235536
291,290,291,2896.17,2902.19,3,FALSE,TRUE,TRUE,"supported_v4_model",14754.5663283018,14818.9714481781,68.0485568888062,0.00580000000193314
292,291,292,2902.19,2907.71,3,FALSE,TRUE,TRUE,"supported_v4_model",14818.9714481781,14842.450950001,17.8013225033215,0.0060990067701764
293,292,293,2907.71,2911.23,3,TRUE,TRUE,TRUE,"supported_v4_model",14842.450950001,14844.2295433012,0,
294,293,294,2911.23,2913.25,3,FALSE,TRUE,FALSE,"path_obd_distance_disagreement",14844.2295433012,14846.9770510619,3.74233299105489,0.0168368044976033
295,294,295,2913.25,2915.51,3,FALSE,TRUE,TRUE,"supported_v4_model",14846.9770510619,14855.8484034502,8.63330663235896,0.00556299947199606
296,295,296,2915.51,2931.86,3,FALSE,TRUE,TRUE,"supported_v4_model",14855.8484034502,14951.2743441894,95.6032987793087,0.0210407714863431
297,296,297,2931.86,2961.73,3,TRUE,TRUE,TRUE,"supported_v4_model",14951.2743441894,14952.9297780669,0,
298,297,298,2961.73,2964.6,3,FALSE,TRUE,TRUE,"supported_v4_model",14952.9297780669,14957.9366930413,4.84591368766272,0.0123825151442549
299,298,299,2964.6,2967.23,3,FALSE,TRUE,TRUE,"supported_v4_model",14957.9366930413,14974.2142825501,14.4280541329756,0.0171370631238114
300,299,300,2967.23,2968.18,3,FALSE,TRUE,FALSE,"path_obd_distance_disagreement",14974.2142825501,14982.0989368252,12.9152370597238,0.0034709958423284
301,300,301,2968.18,2969.85,3,FALSE,TRUE,TRUE,"supported_v4_model",14982.0989368252,14996.960133448,16.2640460443256,0.0147612202853429
302,301,302,2969.85,2973.87,3,FALSE,TRUE,TRUE,"supported_v4_model",14996.960133448,15035.5916824132,39.8687505330707,0.00724000000033058
303,302,303,2973.87,2978.04,3,FALSE,TRUE,TRUE,"supported_v4_model",15035.5916824132,15082.2173446411,45.0315937372306,0.0485347903090966
304,303,304,2978.04,2979.72,3,FALSE,TRUE,TRUE,"supported_v4_model",15082.2173446411,15101.3685382411,23.9030251062208,0.00874000000521875
305,304,305,2979.72,2990.17,3,FALSE,TRUE,TRUE,"supported_v4_model",15101.3685382411,15203.2568669458,96.8576119101451,0.0111714285721106
306,305,306,2990.17,2992.3,3,FALSE,TRUE,TRUE,"supported_v4_model",15203.2568669458,15222.1206971796,23.2149169940551,0.0115400000016195
307,306,307,2992.3,3004.19,3,FALSE,TRUE,FALSE,"construction_or_occluded_lane_uncertainty",15222.1206971796,15376.037715147,151.906032012902,0.0239226043097394
308,307,308,3004.19,3006.17,3,FALSE,TRUE,FALSE,"construction_or_occluded_lane_uncertainty",15376.037715147,15405.4914372635,31.0423676540791,0.0223757256823441
309,308,309,3006.17,3010.35,3,FALSE,TRUE,TRUE,"supported_v4_model",15405.4914372635,15466.7832811682,60.7491828901803,0.028015271765056
310,309,310,3010.35,3020.87,3,FALSE,TRUE,TRUE,"supported_v4_model",15466.7832811682,15598.5070370027,128.296515736092,0.0392089954175703
311,310,311,3020.87,3022.22,3,FALSE,TRUE,TRUE,"supported_v4_model",15598.5070370027,15614.8941822917,18.5946489926429,0.0192054697667664
312,311,312,3022.22,3052.3,3,FALSE,TRUE,FALSE,"flagged_v4_geometry",15614.8941822917,15947.5558243772,330.446139025914,0.0708753665391731
313,312,313,3052.3,3056.91,3,FALSE,TRUE,FALSE,"flagged_v4_geometry",15947.5558243772,15988.384233461,46.2114325173844,0.0189406810034362
314,313,314,3056.91,3084.02,3,FALSE,TRUE,FALSE,"construction_or_occluded_lane_uncertainty",15988.384233461,16408.9035854561,426.522785190924,0.0152532575432008
315,314,315,3084.02,3089.65,3,FALSE,TRUE,TRUE,"supported_v4_model",16408.9035854561,16494.945384239,79.0032405478572,0.00957142857160551
316,315,316,3089.65,3093.47,3,FALSE,TRUE,TRUE,"supported_v4_model",16494.945384239,16538.7602452387,42.8892905824756,0.00809984896248874
317,316,317,3093.47,3096.04,3,FALSE,TRUE,TRUE,"supported_v4_model",16538.7602452387,16566.0694159484,23.1215517115926,0.00835896231516183
318,317,318,3096.04,3097.49,3,FALSE,TRUE,FALSE,"path_obd_distance_disagreement",16566.0694159484,16582.4374502434,23.6723373037022,0.00768000000508007
319,318,319,3097.49,3105.32,3,FALSE,TRUE,TRUE,"supported_v4_model",16582.4374502434,16682.9936890473,100.587605501503,0.0313142857158301
320,319,320,3105.32,3111.24,3,FALSE,TRUE,TRUE,"supported_v4_model",16682.9936890473,16762.614642352,75.0026547817564,0.0774899875792279
321,320,321,3111.24,3117.01,3,FALSE,TRUE,TRUE,"supported_v4_model",16762.614642352,16821.1855936389,61.7973877063523,0.00576000000878409
322,321,322,3117.01,3122.26,3,FALSE,TRUE,TRUE,"supported_v4_model",16821.1855936389,16840.5477961304,14.9769056195378,0.00956082873717302
323,322,323,3122.26,3124.47,3,TRUE,TRUE,TRUE,"supported_v4_model",16840.5477961304,16842.5126263558,0,
324,323,324,3124.47,3126.01,3,FALSE,TRUE,TRUE,"supported_v4_model",16842.5126263558,16846.3635336059,4.55087098549613,0
325,324,325,3126.01,3129.54,3,FALSE,TRUE,TRUE,"supported_v4_model",16846.3635336059,16865.5464741292,17.9396497988779,0.01584400646781
326,325,326,3129.54,3132.43,3,FALSE,TRUE,TRUE,"supported_v4_model",16865.5464741292,16891.1961094422,23.0661651732502,0.0339000297267746
327,326,327,3132.43,3135.77,3,FALSE,TRUE,FALSE,"path_obd_distance_disagreement",16891.1961094422,16930.8890368364,53.3830043399274,0.0276235382555985
328,327,328,3135.77,3137.92,3,FALSE,TRUE,FALSE,"path_obd_distance_disagreement",16930.8890368364,16959.9241506538,17.311298695704,0.0103385964751847
329,328,329,3137.92,3141.9,3,FALSE,TRUE,TRUE,"supported_v4_model",16959.9241506538,17021.7005411332,59.8573340431328,0.021901130030301
330,329,330,3141.9,3159.6,3,FALSE,TRUE,TRUE,"supported_v4_model",17021.7005411332,17239.0514562302,219.725739200744,0.0376285714294711
331,330,331,3159.6,3177.72,3,TRUE,TRUE,TRUE,"supported_v4_model",17239.0514562302,17240.5026151092,0,
332,331,332,3177.72,3181.09,3,FALSE,TRUE,TRUE,"supported_v4_model",17240.5026151092,17251.2041839289,8.04033138606907,0.0081672971190074
333,332,333,3181.09,3183.72,3,FALSE,TRUE,FALSE,"path_obd_distance_disagreement",17251.2041839289,17272.352136322,27.5904723146288,0.0038400000702503
334,333,334,3183.72,3213.75,3,FALSE,TRUE,TRUE,"supported_v4_model",17272.352136322,17643.1085380173,364.183797778057,0.0205451869434383
335,334,335,3213.75,3240.46,3,TRUE,TRUE,TRUE,"supported_v4_model",17643.1085380173,17645.058705357,0,
336,335,336,3240.46,3243.08,3,FALSE,TRUE,FALSE,"path_obd_distance_disagreement",17645.058705357,17651.0783224301,7.61308434577338,0.00660260211466852
337,336,337,3243.08,3248.03,3,FALSE,TRUE,TRUE,"supported_v4_model",17651.0783224301,17691.3752161717,45.4664616650291,0.0076042754841747
338,337,338,3248.03,3293.15,3,FALSE,TRUE,TRUE,"supported_v4_model",17691.3752161717,18282.219475127,583.734271647009,0.0211774972029792
339,338,339,3293.15,3295.82,3,TRUE,TRUE,TRUE,"supported_v4_model",18282.219475127,18283.868963366,0,
340,339,340,3295.82,3298.93,3,FALSE,TRUE,TRUE,"supported_v4_model",18283.868963366,18291.5667550435,6.79158011454568,0.0184188036426047
341,340,341,3298.93,3301.43,3,FALSE,TRUE,FALSE,"path_obd_distance_disagreement",18291.5667550435,18308.6094979474,23.0626968075548,0.0105687309833728
342,341,342,3301.43,3315.57,3,FALSE,TRUE,TRUE,"supported_v4_model",18308.6094979474,18413.3735231243,98.6347464940797,0.0153600000057098
343,342,343,3315.57,3318.56,3,FALSE,TRUE,FALSE,"path_obd_distance_disagreement",18413.3735231243,18432.5424418725,24.2387165934439,0.0225232389575919
344,343,344,3318.56,3330.34,3,FALSE,TRUE,TRUE,"supported_v4_model",18432.5424418725,18526.7589830653,86.7570061830794,0.0232000000015332
345,344,345,3330.34,3358.63,3,TRUE,TRUE,TRUE,"supported_v4_model",18526.7589830653,18528.8385237909,0,
346,345,346,3358.63,3361.38,3,FALSE,TRUE,TRUE,"supported_v4_model",18528.8385237909,18535.0762069365,6.5943449701868,0.00157140983984518
347,346,347,3361.38,3365.74,3,FALSE,TRUE,TRUE,"supported_v4_model",18535.0762069365,18567.8836008273,39.5087403526644,0.00748482888954486
348,347,348,3365.74,3373.1,3,FALSE,TRUE,TRUE,"supported_v4_model",18567.8836008273,18656.2619558804,88.3860284746575,0.0147714285745999
349,348,349,3373.1,3374.87,3,FALSE,TRUE,TRUE,"supported_v4_model",18656.2619558804,18680.8701667604,26.1515578447059,0.0165492657935381
350,349,350,3374.87,3389.8,3,FALSE,TRUE,TRUE,"supported_v4_model",18680.8701667604,18903.9032955527,221.709957656887,0.0215815659409063
351,350,351,3389.8,3391.79,3,FALSE,TRUE,TRUE,"supported_v4_model",18903.9032955527,18931.5214714603,26.9325502665405,0.0216772120572187
352,351,352,3391.79,3402.76,3,FALSE,TRUE,TRUE,"supported_v4_model",18931.5214714603,19023.891960824,86.3512677221724,0.0125782589399791
353,352,353,3402.76,3408.7,3,TRUE,TRUE,TRUE,"supported_v4_model",19023.891960824,19026.1033112797,0,
354,353,354,3408.7,3412.3,3,FALSE,TRUE,TRUE,"supported_v4_model",19026.1033112797,19034.5848000045,7.263592624891,0.0360028737283491
355,354,355,3412.3,3415.9,3,FALSE,TRUE,FALSE,"path_obd_distance_disagreement",19034.5848000045,19058.7430427824,30.8642013307792,0.0152692975285986
356,355,356,3415.9,3428.29,3,FALSE,TRUE,TRUE,"supported_v4_model",19058.7430427824,19207.4983744101,151.419455691335,0.009140000018838
357,356,357,3428.29,3430.53,3,FALSE,TRUE,TRUE,"supported_v4_model",19207.4983744101,19237.3178646685,32.4232507999806,0.00520000000034847
358,357,358,3430.53,3434.36,3,FALSE,TRUE,TRUE,"supported_v4_model",19237.3178646685,19282.3867610796,43.7383077700141,0.0099923809543328
359,358,359,3434.36,3437.79,3,FALSE,TRUE,TRUE,"supported_v4_model",19282.3867610796,19312.9428306378,27.6915817199265,0.00419940941000899
360,359,360,3437.79,3439.03,3,FALSE,TRUE,FALSE,"path_obd_distance_disagreement",19312.9428306378,19320.0720991157,11.2550197344982,0.00934900683039941
361,360,361,3439.03,3451.07,3,FALSE,TRUE,TRUE,"supported_v4_model",19320.0720991157,19413.310650657,93.0859578521602,0.00972133091617018
362,361,362,3451.07,3452.83,3,FALSE,TRUE,TRUE,"supported_v4_model",19413.310650657,19431.5994146869,21.4174698198938,0.0131374357169659
363,362,363,3452.83,3463.14,3,FALSE,TRUE,TRUE,"supported_v4_model",19431.5994146869,19538.0399739154,104.618516643461,0.0115000000083657
364,363,364,3463.14,3466.2,3,FALSE,TRUE,FALSE,"path_obd_distance_disagreement",19538.0399739154,19551.8213007159,8.89553881264965,0.0122516325506757
365,364,365,3466.2,3470.51,3,FALSE,TRUE,TRUE,"supported_v4_model",19551.8213007159,19567.0155197879,13.989137697854,0.0150145059070616
366,365,366,3470.51,3474.75,3,FALSE,TRUE,TRUE,"supported_v4_model",19567.0155197879,19585.4197766246,22.7374728888548,0.00830432140571819
367,366,367,3474.75,3481.62,3,FALSE,TRUE,TRUE,"supported_v4_model",19585.4197766246,19615.061076744,35.8024825137911,0.0179018351299869
368,367,368,3481.62,3490.49,3,FALSE,TRUE,TRUE,"supported_v4_model",19615.061076744,19652.9511813242,33.9258617296709,0.00983263625314415
369,368,369,3490.49,3497.46,3,FALSE,TRUE,TRUE,"supported_v4_model",19652.9511813242,19689.3187793518,37.1482646538727,0.0120154488226339
370,369,370,3497.46,3503.03,3,FALSE,TRUE,TRUE,"supported_v4_model",19689.3187793518,19712.997370536,23.2976837417362,0.01360606992726
371,370,371,3503.03,3506.95,3,FALSE,TRUE,TRUE,"supported_v4_model",19712.997370536,19727.5422416469,12.3744387284166,0.0194300483754152
372,371,372,3506.95,3511.25,3,FALSE,TRUE,TRUE,"supported_v4_model",19727.5422416469,19742.1842322695,17.3099505843769,0.0133420969644299
373,372,373,3511.25,3528.79,3,FALSE,TRUE,TRUE,"supported_v4_model",19742.1842322695,19835.6686111879,91.5500528184653,0.0171966078737178
374,373,374,3528.79,3952.47,3,TRUE,TRUE,TRUE,"supported_v4_model",19835.6686111879,,0,
